track_name,artist(s)_name,artist_count,released_year,released_month,released_day,in_spotify_playlists,in_spotify_charts,streams,bpm,key,danceability_%,valence_%,energy_%,acousticness_%,instrumentalness_%,liveness_%,speechiness_%
Seven (feat. Latto) (Explicit Ver.),Latto_ Jung Kook,2,2023,7,14,553,147,141381703,125,B,80,89,83,31,0,8,4
LALA,Myke Towers,1,2023,3,23,1474,48,133716286,92,C#,71,61,74,7,0,10,4
vampire,Olivia Rodrigo,1,2023,6,30,1397,113,140003974,138,F,51,32,53,17,0,31,6
Cruel Summer,Taylor Swift,1,2019,8,23,7858,100,800840817,170,A,55,58,72,11,0,11,15
WHERE SHE GOES,Bad Bunny,1,2023,5,18,3133,50,303236322,144,A,65,23,80,14,63,11,6
Sprinter,Dave_ Central Cee,2,2023,6,1,2186,91,183706234,141,C#,92,66,58,19,0,8,24
Ella Baila Sola,Eslabon Armado_ Peso Pluma,2,2023,3,16,3090,50,725980112,148,F,67,83,76,48,0,8,3
Columbia,Quevedo,1,2023,7,7,714,43,58149378,100,F,67,26,71,37,0,11,4
fukumean,Gunna,1,2023,5,15,1096,83,95217315,130,C#,85,22,62,12,0,28,9
La Bebe - Remix,Peso Pluma_ Yng Lvcas,2,2023,3,17,2953,44,553634067,170,D,81,56,48,21,0,8,33
un x100to,Bad Bunny_ Grupo Frontera,2,2023,4,17,2876,40,505671438,83,F#,57,56,72,23,0,27,5
Super Shy,NewJeans,1,2023,7,7,422,55,58255150,150,F,78,52,82,18,0,15,7
Flowers,Miley Cyrus,1,2023,1,12,12211,115,1316855716,118,,71,65,68,6,0,3,7
Daylight,David Kushner,1,2023,4,14,3528,98,387570742,130,D,51,32,43,83,0,9,3
As It Was,Harry Styles,1,2022,3,31,23575,130,2513188493,174,F#,52,66,73,34,0,31,6
Kill Bill,SZA,1,2022,12,8,8109,77,1163093654,89,G#,64,43,73,5,17,16,4
Cupid - Twin Ver.,Fifty Fifty,1,2023,2,24,2942,77,496795686,120,B,78,76,59,43,0,34,3
"What Was I Made For? [From The Motion Picture ""Barbie""]",Billie Eilish,1,2023,7,13,873,104,30546883,78,,44,14,9,96,0,10,3
Classy 101,Feid_ Young Miko,2,2023,3,31,2610,40,335222234,100,B,86,67,66,14,0,12,16
Like Crazy,Jimin,1,2023,3,24,596,68,363369738,120,G,63,36,73,0,0,36,4
LADY GAGA,Gabito Ballesteros_ Junior H_ Peso Pluma,3,2023,6,22,332,26,86444842,140,F,65,87,74,22,0,42,4
I Can See You (Taylorï¿½ï¿½ï¿½s Version) (From The ,Taylor Swift,1,2023,7,7,516,38,52135248,123,F#,69,82,76,6,0,6,3
I Wanna Be Yours,Arctic Monkeys,1,2013,1,1,12859,110,1297026226,135,,48,44,42,12,2,11,3
Peso Pluma: Bzrp Music Sessions_ Vol. 55,Bizarrap_ Peso Pluma,2,2023,5,31,1313,40,200647221,133,F,85,81,67,26,0,12,5
Popular (with Playboi Carti & Madonna) - The Idol Vol. 1 (Music from the HBO Original Series),The Weeknd_ Madonna_ Playboi Carti,3,2023,6,2,1945,87,115364561,99,C#,85,83,68,7,0,36,20
SABOR FRESA,Fuerza Regida,1,2023,6,22,250,26,78300654,130,G,79,96,86,9,0,9,9
Calm Down (with Selena Gomez),Rï¿½ï¿½ma_ Selena G,2,2022,3,25,7112,77,899183384,107,B,80,82,80,43,0,14,4
MOJABI GHOST,Tainy_ Bad Bunny,2,2023,6,29,859,40,61245289,122,F#,81,74,71,14,0,56,4
Last Night,Morgan Wallen,1,2023,1,31,2420,19,429829812,204,F#,52,52,68,46,0,15,4
Dance The Night (From Barbie The Album),Dua Lipa,1,2023,5,25,2988,101,127408954,110,B,67,78,85,2,0,33,5
Rush,Troye Sivan,1,2023,7,13,864,78,22581161,126,F,74,35,84,0,0,11,6
TULUM,Peso Pluma_ Grupo Frontera,2,2023,6,28,266,34,52294266,168,F#,56,63,87,39,0,11,5
Creepin',The Weeknd_ 21 Savage_ Metro Boomin,3,2022,12,2,6036,88,843957510,98,C#,71,17,61,36,0,8,5
Anti-Hero,Taylor Swift,1,2022,10,21,9082,56,999748277,97,E,64,51,63,12,0,19,5
TQG,Karol G_ Shakira,2,2023,2,23,4284,49,618990393,180,E,72,61,63,67,0,9,28
Los del Espacio,Big One_ Duki_ Lit Killah_ Maria Becerra_ FMK_ Rusherking_ Emilia_ Tiago pzk,8,2023,6,1,1150,31,123122413,120,,81,63,68,11,0,11,4
Frï¿½ï¿½gil (feat. Grupo Front,Yahritza Y Su Esencia_ Grupo Frontera,2,2023,4,7,672,34,188933502,150,F#,61,39,73,37,0,11,3
Blank Space,Taylor Swift,1,2014,1,1,11434,53,1355959075,96,F,75,57,68,9,0,13,6
Style,Taylor Swift,1,2014,1,1,7830,42,786181836,95,D,60,48,79,0,0,12,4
TQM,Fuerza Regida,1,2023,5,19,584,28,176553476,125,F,79,96,85,27,0,11,6
El Azul,Junior H_ Peso Pluma,2,2023,2,10,692,25,354495408,144,A,56,84,65,23,0,10,6
Sunflower - Spider-Man: Into the Spider-Verse,Post Malone_ Swae Lee,2,2018,10,9,24094,78,2808096550,90,D,76,91,50,54,0,7,5
I'm Good (Blue),Bebe Rexha_ David Guetta,2,2022,8,26,12482,80,1109433169,128,G,56,38,97,4,0,35,4
See You Again,Tyler_ The Creator_ Kali Uchis,3,2017,7,21,13387,64,1047101291,79,F#,56,58,56,37,0,11,10
Barbie World (with Aqua) [From Barbie The Album],Nicki Minaj_ Aqua_ Ice Spice,3,2023,6,23,1117,80,65156199,144,,77,75,58,52,0,23,25
Angels Like You,Miley Cyrus,1,2020,11,27,3372,19,570515054,122,F,67,49,64,10,0,10,3
I Ain't Worried,OneRepublic,1,2022,5,13,8431,76,1085685420,140,,71,82,81,11,0,6,5
Die For You,The Weeknd,1,2016,11,24,2483,59,1647990401,134,C#,59,51,52,9,0,15,7
Starboy,The Weeknd_ Daft Punk,2,2016,9,21,29536,79,2565529693,186,G,68,49,59,16,0,13,28
Die For You - Remix,Ariana Grande_ The Weeknd,2,2023,2,24,3408,47,518745108,67,C#,53,50,53,23,0,44,7
El Cielo,Feid_ Myke Towers_ Sky Rompiendo,3,2023,6,2,1298,38,107753850,106,A#,72,17,64,7,0,10,5
Baby Don't Hurt Me,David Guetta_ Anne-Marie_ Coi Leray,3,2023,4,6,4277,66,177740666,128,G,60,23,91,0,0,12,3
AMARGURA,Karol G,1,2023,2,24,1133,39,153372011,107,F#,92,55,70,18,0,15,7
(It Goes Like) Nanana - Edit,Peggy Gou,1,2023,6,15,2259,59,57876440,130,G,67,96,88,12,19,8,4
Another Love,Tom Odell,1,2012,10,15,18371,83,1813673666,123,E,45,13,54,70,0,9,4
Blinding Lights,The Weeknd,1,2019,11,29,43899,69,3703895074,171,C#,50,38,80,0,0,9,7
Moonlight,Kali Uchis,1,2023,2,24,2649,42,256483385,137,G,64,88,72,51,0,17,5
La Bachata,Manuel Turizo,1,2022,5,26,6804,45,1214083358,125,G,84,85,68,58,0,22,4
S91,Karol G,1,2023,7,14,525,41,16011326,128,,86,42,72,59,0,9,19
cardigan,Taylor Swift,1,2020,7,24,7923,29,812019557,130,,61,53,58,55,0,27,4
Tï¿½ï¿,dennis_ MC Kevin o Chris,2,2023,5,4,731,15,111947664,130,B,86,59,96,50,1,9,5
Boy's a liar Pt. 2,PinkPantheress_ Ice Spice,2,2023,2,3,5184,41,156338624,133,F,70,86,81,25,0,25,5
Left and Right (Feat. Jung Kook of BTS),Charlie Puth_ BTS_ Jung Kook,3,2022,6,24,3107,39,720434240,101,D,88,72,59,62,0,9,3
BESO,Rauw Alejandro_ ROSALï¿½,2,2023,3,24,4053,50,357925728,95,F,77,53,64,74,0,17,14
Hey Mor,Ozuna_ Feid,2,2022,10,6,4637,38,674072710,98,C#,90,40,59,0,0,10,29
Yellow,Chris Molitor,1,1999,1,1,31358,43,1755214421,173,B,43,28,66,0,0,23,3
Karma,Taylor Swift,1,2022,10,21,3818,23,404562836,90,G#,64,10,62,7,0,48,7
People,Libianca,1,2022,12,2,3506,56,373199958,198,A#,59,71,42,55,0,10,7
Overdrive,Post Malone,1,2023,7,14,410,36,14780425,140,C#,56,48,73,0,0,35,4
Enchanted (Taylor's Version),Taylor Swift,1,2023,7,7,148,24,39578178,82,G#,51,22,53,1,0,15,3
BABY HELLO,Rauw Alejandro_ Bizarrap,2,2023,6,23,1004,35,54266102,130,C#,77,84,89,17,0,43,5
Heat Waves,Glass Animals,1,2020,6,28,22543,63,2557975762,81,B,76,53,53,44,0,9,9
golden hour,JVKE,1,2022,7,15,4511,36,751134527,94,C#,51,14,59,65,18,25,3
Sweater Weather,The Neighbourhood,1,2012,5,14,16413,61,2282771485,124,A#,61,41,81,5,2,10,3
Quevedo: Bzrp Music Sessions_ Vol. 52,Bizarrap_ Quevedo,2,2022,7,6,8506,45,1356565093,128,D,62,55,78,1,3,23,4
Viva La Vida,Coldplay,1,2008,1,1,33898,62,1592909789,138,F,49,42,62,9,0,11,3
Here With Me,d4vd,1,2022,7,17,3246,23,635412045,132,E,58,27,48,50,0,12,3
Unholy (feat. Kim Petras),Sam Smith_ Kim Petras,2,2022,9,22,8576,42,1230675890,131,D,71,24,47,1,0,27,9
Yandel 150,Yandel_ Feid,2,2022,12,20,3618,38,585695368,168,F#,78,58,73,5,0,10,7
CORAZï¿½ï¿½N VA,Maria Becerra,1,2023,6,22,370,20,43857627,98,C#,68,40,79,33,0,30,6
Riptide,Vance Joy,1,1975,1,1,31123,55,2009094673,102,C#,48,50,73,43,0,15,4
Until I Found You (with Em Beihold) - Em Beihold Version,Em Beihold_ Stephen Sanchez,2,2022,4,22,2790,30,600976848,101,A#,34,32,57,78,0,20,3
Novidade na ï¿½ï¿,Mc Livinho_ DJ Matt D,2,2023,6,23,267,9,39709092,130,F,63,36,34,76,0,35,9
Back To December (Taylor's Version),Taylor Swift,1,2023,7,7,139,17,39228929,142,D,50,20,64,1,0,12,3
STAY (with Justin Bieber),Justin Bieber_ The Kid Laroi,2,2021,7,9,17050,36,2665343922,170,C#,59,48,76,4,0,10,5
El Merengue,Marshmello_ Manuel Turizo,2,2023,3,3,2114,44,223633238,124,G#,78,70,68,3,1,11,4
Someone You Loved,Lewis Capaldi,1,2018,11,8,17836,53,2887241814,110,C#,50,45,41,75,0,11,3
Me Porto Bonito,Chencho Corleone_ Bad Bunny,2,2022,5,6,8870,43,1440757818,92,C#,91,43,71,9,0,9,8
Makeba,Jain,1,2015,6,22,6060,53,165484133,116,D,82,40,66,39,51,25,7
MONTAGEM - FR PUNK,Ayparia_ unxbected,2,2012,6,20,641,50,58054811,129,A,63,84,82,70,8,9,7
Fast Car,Luke Combs,1,2023,3,24,1446,12,157058870,98,G#,71,67,60,19,0,12,3
What It Is (Solo Version),Doechii,1,2023,3,17,804,25,95131998,172,C#,74,76,76,6,0,10,9
Coco Chanel,Bad Bunny_ Eladio Carrion,2,2023,3,17,1962,38,250305248,150,D,68,14,76,4,0,10,4
Donï¿½ï¿½ï¿½t Bl,Taylor Swift,1,2017,11,8,4875,23,685032533,136,A,62,19,53,11,0,6,4
Still With You,Jung Kook,1,2020,6,5,31,39,38411956,88,C#,53,34,47,9,0,83,4
All My Life (feat. J. Cole),J. Cole_ Lil Durk,2,2023,5,12,2175,23,144565150,143,D#,83,69,44,15,0,10,33
Say Yes To Heaven,Lana Del Rey,1,2023,3,17,2000,46,127567540,100,F#,49,17,35,71,9,11,3
Snooze,SZA,1,2022,12,9,2839,25,399686758,143,F,56,39,55,14,0,11,13
Summertime Sadness,Lana Del Rey,1,2011,1,1,20333,52,983637508,112,C#,56,24,66,7,0,12,3
Take Two,BTS,1,2023,6,9,674,47,118482347,93,G,62,57,59,3,0,38,3
Lover,Taylor Swift,1,2012,1,1,8448,23,882831184,206,G,43,50,55,50,0,15,10
Too Many Nights (feat. Don Toliver & with Future),Future_ Metro Boomin_ Don Toliver,3,2022,12,2,2110,58,286400165,88,G,68,17,71,15,0,11,5
Chemical,Post Malone,1,2023,4,14,2528,39,172825906,170,D,50,37,90,0,0,12,5
Mockingbird,Eminem,1,2004,1,1,12985,61,1241559043,84,E,62,24,67,21,0,13,28
New Jeans,NewJeans,1,2023,7,7,77,35,29562220,134,E,81,53,72,51,0,12,5
Primera Cita,Carin Leon,1,2022,4,20,266,27,77309611,158,A#,54,50,40,61,0,10,6
Cold Heart - PNAU Remix,Dua Lipa_ Elton John_ Pnau,3,2017,11,10,21097,52,1605224506,116,C#,80,92,80,4,0,10,3
Dandelions,Ruth B.,1,2017,4,28,3423,21,1116995633,117,C#,61,45,69,2,0,9,3
Bones,Imagine Dragons,1,2021,3,11,4198,44,838079900,114,F,77,65,72,2,0,7,5
Set Fire to the Rain,Adele,1,2011,1,1,14739,43,1163620694,108,D,61,47,68,0,0,13,3
Money Trees,Kendrick Lamar_ Jay Rock,2,2012,1,1,26792,32,1093605526,144,E,74,37,53,7,0,21,10
Tak Segampang Itu,Anggi Marito,1,2022,12,2,213,6,179659294,130,F,51,18,44,76,0,11,3
LAGUNAS,Jasiel Nuï¿½ï¿½ez_ Peso P,2,2023,6,22,58,18,39058561,116,B,77,79,62,33,1,15,3
Mine (Taylor's Version),Taylor Swift,1,2023,7,7,99,15,36912123,121,G,65,49,78,0,0,17,4
Everybody Wants To Rule The World,Tears For Fears,1,1985,2,17,41751,25,1205951614,112,G,64,54,81,36,0,11,6
No Role Modelz,J. Cole,1,2014,12,9,21164,36,1791000570,100,A#,70,47,52,30,0,6,33
Tattoo,Loreen,1,2023,2,25,2988,59,201660859,150,D#,55,30,78,24,0,12,8
Rara Vez,Taiu_ Milo j,2,2023,2,8,893,38,248088961,120,F,84,96,71,18,0,34,17
VAGABUNDO,Sebastian Yatra_ Manuel Turizo_ Beï¿½ï,3,2023,5,12,1094,34,90839753,127,B,82,89,85,4,0,23,6
august,Taylor Swift,1,2020,7,24,7324,22,607123776,90,F,51,42,61,53,0,9,3
LUNA,Junior H_ Peso Pluma,2,2023,6,22,201,11,55842345,128,A,75,79,63,33,0,15,4
Miracle (with Ellie Goulding),Calvin Harris_ Ellie Goulding,2,2023,3,10,5120,48,211050784,143,A,64,31,87,4,4,8,4
Nonsense,Sabrina Carpenter,1,2022,7,15,2346,27,342897938,139,G#,74,68,68,3,0,26,4
Que Vuelvas,Carin Leon_ Grupo Frontera,2,2022,12,9,763,26,2762,162,A#,49,78,64,19,0,11,4
Por las Noches,Peso Pluma,1,2021,6,11,457,24,330346424,92,,81,39,60,31,0,7,3
Feliz Cumpleaï¿½ï¿½os Fe,Feid,1,2022,8,19,3430,38,601863821,95,F,87,57,55,10,0,29,7
Can't Hold Us (feat. Ray Dalton),Ray Dalton_ Ryan Lewis_ Macklemore,3,2011,8,16,6074,52,1953533826,146,D,63,88,93,3,0,10,8
Watermelon Sugar,Harry Styles,1,2019,11,17,21915,34,2322580122,95,,55,56,82,12,0,34,5
lovely - Bonus Track,Billie Eilish_ Khalid,2,2017,8,11,15032,30,2355719893,115,E,35,12,30,93,0,10,3
Rauw Alejandro: Bzrp Music Sessions_ Vol. 56,Rauw Alejandro_ Bizarrap,2,2023,6,21,871,32,66902503,128,B,78,59,65,10,0,26,5
Queencard,(G)I-DLE,1,2023,5,15,451,33,96273746,130,E,82,69,83,3,0,27,5
OMG,NewJeans,1,2023,1,2,1783,27,430977451,127,A,80,74,77,36,0,11,4
Radio,Lana Del Rey,1,2011,1,1,9389,46,284819874,150,D,42,20,86,21,0,9,9
Shakira: Bzrp Music Sessions_ Vol. 53,Shakira_ Bizarrap,2,2023,1,11,5724,44,721975598,122,D,78,50,63,27,0,9,5
505,Arctic Monkeys,1,2007,4,20,13985,25,1217120710,140,,52,20,85,0,0,7,5
Calling (Spider-Man: Across the Spider-Verse) (Metro Boomin & Swae Lee_ NAV_ feat. A Boogie Wit da Hoodie),Swae Lee_ A Boogie Wit da Hoodie_ Metro Boomin_ NAV,4,2023,6,2,1051,16,109276132,140,,63,22,54,46,0,12,8
Trance (with Travis Scott & Young Thug),Travis Scott_ Young Thug_ Metro Boomin,3,2022,12,2,1682,46,276259178,119,C#,75,48,53,18,0,18,34
"Tere Vaaste (From ""Zara Hatke Zara Bachke"")",Sachin-Jigar_ Shadab Faridi_ Altamash Faridi_ Amitabh Bhattacharya_ Varun Jain,5,2023,5,22,182,8,54225632,110,G,76,96,72,32,0,9,4
Perfect,Ed Sheeran,1,2017,1,1,16596,13,2559529074,95,G#,60,17,45,16,0,11,2
Romantic Homicide,d4vd,1,2022,7,20,2335,23,681583126,132,F#,56,20,55,45,1,32,3
Believer,Imagine Dragons,1,2017,1,31,18986,23,2594040133,125,A#,77,74,78,4,0,23,11
Novo Balanï¿½,Veigh_ Bvga Beatz_ Supernova Ent_ Prod Malax,4,2023,5,19,283,7,81102253,124,D#,84,65,50,67,0,13,6
Gol Bolinha_ Gol Quadrado 2,Mc Pedrinho_ DJ 900,2,2023,6,1,293,8,11956641,133,B,93,68,65,42,0,12,25
Without Me,Eminem,1,2002,1,1,21081,43,1687664027,112,G,92,67,66,0,0,36,9
QUEMA,Sog_ Ryan Castro_ Peso Pluma,3,2023,7,13,437,31,11599388,97,,79,92,89,5,0,6,5
Stargirl Interlude,The Weeknd_ Lana Del Rey,2,2016,11,24,1275,32,611700552,90,F,59,52,48,38,5,10,11
Ojitos Lindos,Bomba Estï¿½ï¿½reo_ Bad B,2,2022,5,6,6135,38,1133865788,80,D#,65,27,69,8,0,53,4
Somewhere Only We Know,Keane,1,2004,1,1,20015,16,1089402494,172,A,45,33,59,6,0,8,3
Those Eyes,New West,1,2019,5,10,1507,14,411747614,120,E,60,24,35,73,0,31,3
El Gordo Trae El Mando,Chino Pacas,1,2023,1,27,539,21,255932395,140,G,74,96,80,18,0,5,5
Mi Bello Angel,Natanael Cano,1,2023,6,30,86,8,31873544,128,A,81,90,77,1,0,9,5
Bye,Peso Pluma,1,2023,5,26,324,14,95053634,122,,78,70,81,57,0,10,5
Danza Kuduro,Don Omar_ Lucenzo,2,2010,1,1,17138,37,1279434863,130,,47,86,92,8,0,5,24
Nosso Quadro,Ana Castela_ AgroPlay,2,2023,2,2,894,9,233801632,160,A,69,61,71,33,0,31,20
Locked Out Of Heaven,Bruno Mars,1,2012,12,5,1622,9,1481349984,144,F,73,87,70,6,0,28,5
Un Finde | CROSSOVER #2,Big One_ FMK_ Ke personajes,3,2023,4,4,561,14,142095275,192,B,50,85,52,11,0,28,6
Jimmy Cooks (feat. 21 Savage),Drake_ 21 Savage,2,2022,6,17,5871,27,618885532,163,,54,40,67,0,0,9,17
Counting Stars,OneRepublic,1,2013,1,1,29215,43,2011464183,122,C#,66,48,71,6,0,12,4
Ghost,Justin Bieber,1,2021,3,19,5866,24,1167330737,154,D,61,41,74,21,0,40,6
Under The Influence,Chris Brown,1,2019,10,4,3859,26,929964809,117,A,73,31,69,6,0,11,4
PRC,Natanael Cano_ Peso Pluma,2,2023,1,23,961,26,436027885,138,G,78,89,83,10,0,12,5
Gasolina,Daddy Yankee,1,2004,7,13,6457,18,657723613,96,,86,74,80,33,0,8,6
One Dance,Drake_ WizKid_ Kyla,3,2016,4,4,43257,24,2713922350,104,C#,77,36,63,1,0,36,5
Enchanted,Taylor Swift,1,2010,1,1,4564,16,621660989,164,G#,45,24,62,8,0,16,3
Save Your Tears,The Weeknd,1,2020,3,20,12688,13,1591223784,118,,68,61,82,2,0,50,3
Sure Thing,Miguel,1,2010,5,25,13801,19,950906471,81,B,68,51,60,3,0,19,10
Every Breath You Take - Remastered 2003,The Police,1,1983,1,6,22439,19,1593270737,117,C#,82,73,45,54,0,7,3
The Night We Met,Lord Huron,1,2015,2,2,18515,35,1410088830,174,D,45,10,37,97,25,64,4
We Found Love,Rihanna_ Calvin Harris,2,2011,1,1,36843,21,1235005533,128,C#,73,60,77,3,0,11,4
When I Was Your Man,Bruno Mars,1,2012,12,5,2420,11,1661187319,145,,60,43,27,94,0,14,4
Let Me Down Slowly,Alec Benjamin,1,2018,5,25,5897,19,1374581173,150,C#,65,51,55,73,0,14,3
Am I Dreaming (Metro Boomin & A$AP Rocky_ Roisee),A$AP Rocky_ Metro Boomin_ Roisee,3,2023,6,2,727,16,94186466,90,A,60,13,53,4,0,21,4
Do I Wanna Know?,Arctic Monkeys,1,2013,1,1,33783,26,1788326445,85,F,55,42,53,17,0,22,3
Demons,Imagine Dragons,1,2012,1,1,26694,13,1840364617,180,D#,33,38,71,20,0,28,5
ýýýýýýýýýýýý,YOASOBI,1,2023,4,12,356,16,143573775,166,C#,57,84,94,11,0,37,9
Reminder,The Weeknd,1,2016,11,25,6518,17,684675814,160,G#,71,40,50,16,0,16,22
Shake It Off,Taylor Swift,1,2014,1,1,21335,13,1113838873,160,G,65,95,80,5,0,41,16
Why'd You Only Call Me When You're High?,Arctic Monkeys,1,2013,1,1,23389,29,1267333350,92,D,70,81,63,4,0,8,4
SNAP,Rosa Linn,1,2022,3,19,3202,18,726307468,170,,56,53,64,11,0,45,6
Shape of You,Ed Sheeran,1,2017,1,6,32181,10,3562543890,96,C#,83,93,65,58,0,9,8
Night Changes,One Direction,1,2014,11,17,7124,18,1131090940,120,G#,67,40,52,86,0,12,4
Fin de Semana,Oscar Maydon_ Junior H,2,2023,1,13,592,14,307370144,98,,70,37,54,6,0,9,8
Creep,Radiohead,1,1992,9,21,36724,7,1271293243,92,G,53,12,34,1,0,12,4
Car's Outside,James Arthur,1,2019,10,18,794,10,265882712,150,A,34,24,56,4,0,11,3
Apocalypse,Cigarettes After Sex,1,2017,3,21,13091,17,841749534,94,F,37,17,47,2,46,11,3
Cheques,Shubh,1,2023,5,19,67,8,47956378,90,E,74,36,63,26,0,27,5
Pink + White,Frank Ocean,1,2016,8,20,21574,30,806397070,160,A,54,54,55,67,0,42,11
Circles,Post Malone,1,2019,8,30,19664,16,2132335812,120,,70,59,75,24,0,9,4
Just The Way You Are,Bruno Mars,1,2010,1,1,21106,13,1641426668,109,F,63,46,85,1,0,9,5
Take Me To Church,Hozier,1,2013,9,13,23804,31,2135158446,129,E,57,41,66,63,0,12,5
Bebe Dame,Fuerza Regida_ Grupo Frontera,2,2022,12,16,849,22,367316268,157,G,54,75,60,30,0,7,5
You Belong With Me (Taylorï¿½ï¿½ï¿½s Ve,Taylor Swift,1,2021,4,9,2619,12,350381515,130,F#,63,49,73,5,0,9,3
Titi Me Preguntï¿,Bad Bunny,1,2022,5,6,9037,42,1264310836,107,F,65,19,72,10,0,13,25
Better Than Revenge (Taylor's Version),Taylor Swift,1,2023,7,7,86,11,30343206,146,B,50,67,89,0,0,19,8
Shut up My Moms Calling,Hotel Ugly,1,2020,2,10,1788,14,405136812,139,A,48,37,41,32,0,10,10
Have You Ever Seen The Rain?,Creedence Clearwater Revival,1,1968,7,1,15890,14,1145727611,116,,74,76,70,7,0,13,3
Es un Secreto,Plan B,1,2010,7,20,492,36,540654286,95,F#,84,52,77,12,0,7,4
POLARIS - Remix,Feid_ Mora_ Saiko_ Quevedo,4,2023,6,8,773,33,57312735,170,G#,62,55,80,15,0,37,7
Ditto,NewJeans,1,2022,12,19,1154,22,397582059,134,F#,81,18,64,3,0,10,11
Take On Me,a-ha,1,1984,10,19,44927,17,1479115056,84,F#,57,86,90,2,0,9,5
Annihilate (Spider-Man: Across the Spider-Verse) (Metro Boomin & Swae Lee_ Lil Wayne_ Offset),Swae Lee_ Lil Wayne_ Offset_ Metro Boomin,4,2023,6,2,551,4,86773632,146,B,61,20,48,21,0,12,6
Angel Pt 1 (feat. Jimin of BTS_ JVKE & Muni Long),Kodak Black_ NLE Choppa_ Muni Long_ JVKE_ Jimin,5,2023,5,1,577,14,133753727,74,A#,53,24,67,11,0,10,28
Acrï¿½ï¿½s,Shakira,1,2023,5,11,955,29,123124076,144,B,75,35,48,84,0,10,12
AMG,Natanael Cano_ Gabito Ballesteros_ Peso Pluma,3,2022,11,24,995,19,463564958,136,B,77,79,73,15,0,27,10
"Phir Aur Kya Chahiye (From ""Zara Hatke Zara Bachke"")",Arijit Singh_ Sachin-Jigar_ Amitabha Bhattacharya,3,2023,5,15,178,6,64533040,100,E,56,53,55,53,0,12,4
S-Class,Stray Kids,1,2023,6,2,290,19,65496046,105,F,89,67,78,9,0,7,33
Hits Different,Taylor Swift,1,2023,5,26,547,0,68616963,106,F,67,24,78,15,0,30,4
Chanel,Becky G_ Peso Pluma,2,2023,3,30,681,10,161460990,132,D,85,53,68,40,0,9,4
Self Love (Spider-Man: Across the Spider-Verse) (Metro Boomin & Coi Leray),Metro Boomin_ Coi Leray,2,2023,6,2,332,5,70106975,120,A,78,5,30,21,0,13,5
Area Codes,Kaliii_ Kaliii,2,2023,3,17,1197,13,113509496,155,C#,82,51,39,2,0,9,49
Abcdario,Junior H_ Eden Muï¿½ï,2,2023,5,13,262,5,89933133,129,G#,70,42,43,78,0,11,3
Obsessed,Abhijay Sharma_ Riar Saab,2,2022,9,29,161,6,71007139,135,F,80,85,74,62,0,8,9
Piï¿½ï¿½man Deï¿,Semicenk_ Doï¿½ï¿½u ,2,2023,6,2,185,3,43522589,98,A#,73,45,62,28,0,13,13
FLOWER,JISOO,1,2023,3,31,839,18,232896922,124,A,84,64,39,3,0,11,4
All The Way Live (Spider-Man: Across the Spider-Verse) (Metro Boomin & Future_ Lil Uzi Vert),Future_ Lil Uzi Vert_ Metro Boomin,3,2023,6,2,259,0,37126685,135,A,77,28,55,18,0,22,15
Eyes Closed,Ed Sheeran,1,2023,3,23,2915,30,195576623,107,D,78,39,53,30,0,11,6
Escapism.,RAYE_ 070 Shake,2,2022,10,12,5129,25,532336353,96,D,54,25,74,14,0,9,11
La Jumpa,Arcangel_ Bad Bunny,2,2022,11,30,3794,34,538115192,123,G#,71,58,70,30,0,32,19
Karma (feat. Ice Spice),Taylor Swift_ Ice Spice,2,2023,5,26,588,0,46142772,90,G#,62,7,62,6,0,58,6
Superhero (Heroes & Villains) [with Future & Chris Brown],Future_ Chris Brown_ Metro Boomin,3,2022,12,2,2959,16,401036314,117,F,72,45,59,14,0,20,21
Las Morras,BLESSD_ Peso Pluma,2,2023,4,4,291,8,127026613,133,A,78,90,84,31,0,7,4
CHORRITO PA LAS ANIMAS,Feid,1,2022,12,2,2321,36,345031710,96,G#,74,61,83,11,0,35,6
Ch y la Pizza,Fuerza Regida_ Natanael Cano,2,2022,12,1,536,10,288101651,149,G#,66,85,60,40,0,14,13
Snow On The Beach (feat. More Lana Del Rey),Lana Del Rey_ Taylor Swift,2,2023,5,26,359,2,60350538,110,F#,66,32,40,81,0,11,3
Players,Coi Leray,1,2022,11,30,4096,6,335074782,105,F#,95,62,52,3,0,5,16
Bite Me,ENHYPEN,1,2023,5,22,349,69,76767396,105,C#,80,69,78,28,0,11,14
Stand By Me (feat. Morgan Wallen),Lil Durk_ Morgan Wallen,2,2023,5,26,381,5,46065667,134,B,76,61,58,6,0,16,3
Normal,Feid,1,2022,7,8,2461,36,459276435,170,E,71,59,56,4,0,27,12
Hummingbird (Metro Boomin & James Blake),James Blake_ Metro Boomin,2,2023,6,2,277,1,39666245,81,F#,59,26,60,46,1,25,13
Seu Brilho Sumiu - Ao Vivo,Israel & Rodolffo_ Mari Fernandez,2,2023,3,1,967,5,138517666,154,F#,63,75,92,31,0,91,5
Bad Habit,Steve Lacy,1,2022,6,29,8186,12,822633917,169,C#,69,69,51,63,0,38,4
CUFF IT,Beyoncï¿,1,2022,7,29,7842,10,595900742,115,G,78,64,69,4,0,7,14
Lilith (feat. SUGA of BTS) (Diablo IV Anthem),Halsey_ Suga,2,2023,6,5,215,6,51985779,84,A,43,14,74,1,0,19,8
69,Nicky Jam_ Feid,2,2023,5,18,1134,22,57945987,93,G#,79,58,62,11,0,11,23
Niï¿½ï¿½a Bo,Sean Paul_ Feid,2,2023,4,21,1305,34,115010040,91,G,82,47,62,10,0,10,15
Search & Rescue,Drake,1,2023,4,7,2066,6,175097833,142,A#,82,54,44,6,0,33,7
AMERICA HAS A PROBLEM (feat. Kendrick Lamar),Kendrick Lamar_ Beyoncï¿,2,2023,5,19,896,0,57089066,126,C#,78,20,70,1,0,16,4
Lavender Haze,Taylor Swift,1,2022,10,21,3763,8,488386797,97,A#,73,10,44,26,0,16,8
Link Up (Metro Boomin & Don Toliver_ Wizkid feat. BEAM & Toian) - Spider-Verse Remix (Spider-Man: Across the Spider-Verse ),WizKid_ Toian_ Metro Boomin_ Don Toliver_ Beam,5,2023,6,2,197,0,32761689,101,F,92,59,51,41,51,26,8
Efecto,Bad Bunny,1,2022,5,6,4004,33,1047480053,98,G,80,23,48,14,0,6,5
Erro Gostoso - Ao Vivo,Simone Mendes,1,2023,1,27,984,5,153454328,154,F#,59,63,89,18,0,80,9
Cupido,Tini,1,2023,2,14,1240,24,217672943,120,A,91,63,58,52,0,31,22
Just Wanna Rock,Lil Uzi Vert,1,2022,10,17,3995,13,457184829,150,B,49,4,55,7,0,6,3
Unstoppable,Sia,1,2016,1,21,7681,13,939844851,174,A,47,27,78,11,0,10,8
Until I Found You,Stephen Sanchez,1,2021,9,1,4427,4,726434358,202,A#,34,25,51,69,0,18,4
Rich Flex,Drake_ 21 Savage,2,2022,11,4,4657,18,573633020,153,B,56,42,52,5,0,36,24
Easy On Me,Adele,1,2021,10,14,10195,20,1406111294,142,F,60,13,37,58,0,13,3
Cartï¿½ï¿½o B,MC Caverinha_ KayBlack,2,2023,5,11,269,4,71573339,108,A,84,55,47,26,0,20,64
Danger (Spider) (Offset & JID),Offset_ JID,2,2023,6,2,214,0,24975653,143,B,83,25,69,4,0,23,12
Oi Balde - Ao Vivo,Zï¿½ï¿½ Neto & Crist,1,2023,2,14,845,2,145458418,108,D,67,55,67,60,0,80,5
The Real Slim Shady,Eminem,1,2000,1,1,20763,27,1424589568,104,F,95,78,66,3,0,4,6
MERCHO,Migrantes_ LiL CaKe_ Nico Valdi,3,2022,12,16,1267,20,231332117,93,F#,84,96,79,43,0,18,11
The Color Violet,Tory Lanez,1,2021,12,10,2585,32,415932686,105,F#,65,46,53,16,0,9,5
Glimpse of Us,Joji,1,2022,6,10,6330,6,988515741,170,G#,44,27,32,89,0,14,5
Mejor Que Yo,Mambo Kingz_ DJ Luian_ Anuel Aa,3,2023,5,4,675,1,50847624,178,C#,62,56,66,18,0,12,5
Curtains,Ed Sheeran,1,2023,5,5,715,0,39893489,176,F#,50,44,76,10,0,32,5
UNFORGIVEN (feat. Nile Rodgers),Nile Rodgers_ LE SSERAFIM,2,2023,5,1,327,13,92035115,104,E,80,38,88,11,0,11,5
Haegeum,Agust D,1,2023,4,21,244,12,118810253,85,G,70,83,84,31,0,47,30
Conexï¿½ï¿½es de Mï¿½ï¿½fia (feat. Rich ,Rich The Kid_ Matuï¿,2,2023,4,30,385,4,77233241,117,F#,77,69,58,39,0,26,5
MIENTRAS ME CURO DEL CORA,Karol G,1,2023,2,24,1020,35,206399629,80,,52,57,48,86,0,15,39
Never Felt So Alone,Labrinth,1,2023,4,7,1730,3,117747907,98,F,44,36,41,50,0,38,5
X SI VOLVEMOS,Karol G_ Romeo Santos,2,2023,2,2,2127,33,266624541,178,C#,79,58,78,34,0,11,25
ceilings,Lizzy McAlpine,1,2022,4,8,3242,9,293186992,148,A,51,27,33,48,0,22,3
Cupid,Fifty Fifty,1,2023,2,24,526,10,139681964,120,D,77,94,66,65,0,38,3
I AM,IVE,1,2023,4,10,366,15,123132751,122,E,68,38,88,1,0,8,5
Cupid ï¿½ï¿½ï¿½ Twin Ver. (FIFTY FIFTY) ï¿½ï¿½ï¿½ Spe,sped up 8282,1,1997,1,1,472,2,103762518,144,F,74,75,73,42,0,9,4
Shorty Party,Cartel De Santa_ La Kelly,2,2023,3,4,432,12,162887075,96,D,93,47,47,33,0,10,36
Super,SEVENTEEN,1,2023,4,24,271,12,91221625,137,G#,77,35,88,16,0,17,9
Slut Me Out,NLE Choppa,1,2022,4,22,816,4,190490915,121,F#,94,71,61,12,0,53,42
Double Fantasy (with Future),The Weeknd_ Future,2,2023,4,21,1169,0,96180277,119,A,60,10,57,1,0,50,3
All Of The Girls You Loved Before,Taylor Swift,1,2019,8,23,1282,6,185240616,96,D,72,40,47,71,0,13,4
PROVENZA,Karol G,1,2022,4,21,6587,34,885093467,111,C#,87,53,52,66,1,11,5
Princess Diana (with Nicki Minaj),Nicki Minaj_ Ice Spice,2,2023,4,14,1444,4,104992946,148,A,90,74,68,14,0,10,19
Di Que Si,Grupo Marca Registrada_ Grupo Frontera,2,2023,2,3,356,10,147290338,182,A,57,80,59,8,0,6,5
Shivers,Ed Sheeran,1,2021,9,9,10147,30,1302184087,141,D,79,82,86,28,0,4,9
Igualito a Mi Apï¿,Fuerza Regida_ Peso Pluma,2,2022,12,30,265,6,158950978,145,E,76,80,81,19,0,6,9
Shoong! (feat. LISA of BLACKPINK),TAEYANG_ Lisa,2,2023,4,25,351,9,76910644,110,B,76,26,70,1,0,41,6
Komang,Raim Laode,1,2022,8,16,158,4,137123880,134,G,70,35,41,41,0,10,3
DESPECHï¿,ROSALï¿½,1,2022,7,28,7613,33,782369383,130,G,92,78,62,18,0,6,10
Made You Look,Meghan Trainor,1,2022,10,21,3956,6,502574952,145,A#,84,88,53,35,0,8,7
Watch This - ARIZONATEARS Pluggnb Remix,sped up nightcore_ ARIZONATEARS_ Lil Uzi Vert,3,2023,2,5,1638,10,207033255,130,B,69,36,90,1,10,15,4
No Se Va,Grupo Frontera,1,2022,4,28,924,18,404887295,173,,59,69,53,12,0,23,3
Punto G,Quevedo,1,2022,11,4,1985,35,381161027,92,B,75,55,76,25,0,10,15
Lovers Rock,TV Girl,1,2014,6,5,6339,13,466231982,105,F,56,57,87,0,1,10,4
METAMORPHOSIS,INTERWORLD,1,2021,11,25,1561,24,357580552,175,G,59,15,64,43,90,12,10
Mami Chula,Quevedo_ Jhayco,2,2023,4,27,875,4,61105704,120,G,80,33,70,22,0,9,4
En Paris,El Chachito_ Junior H,2,2022,12,24,406,5,198275403,139,D#,70,77,48,37,0,12,5
Set Me Free Pt.2,Jimin,1,2023,3,17,340,13,168448603,132,,59,56,82,12,0,12,6
I Was Never There,The Weeknd_ Gesaffelstein,2,2018,3,29,4188,15,705469769,114,A#,32,17,74,14,0,17,3
Don't ever say love me (feat. RM of BTS),RM_ Colde,2,2023,5,4,105,0,34502215,145,B,54,19,48,36,0,37,5
Shut Down,BLACKPINK,1,2022,9,16,1524,17,482175240,110,,82,67,69,0,0,18,4
Gato de Noche,Nengo Flow_ Bad Bunny,2,2022,12,22,2651,30,304118600,94,G#,89,61,66,17,0,36,16
Call Out My Name,The Weeknd,1,2018,3,29,11087,6,1449799467,134,C#,45,17,60,21,0,33,4
Like Crazy (English Version),Jimin,1,2023,3,24,373,19,173627354,120,G,62,32,76,0,0,39,4
Rosa Pastel,Jasiel Nuï¿½ï¿½ez_ Peso P,2,2023,2,2,200,4,90025258,123,G,70,86,68,24,0,11,4
Sunroof,Nicky Youre_ Dazy,2,2021,12,3,3741,17,652704649,131,A#,77,84,71,35,0,15,4
Lose Yourself - Soundtrack Version,Eminem,1,2002,1,1,32502,21,1829992958,171,D,70,6,73,1,0,36,26
Superman,Eminem_ Dina Rae,2,2002,5,26,7615,14,655466831,130,E,80,64,76,2,0,20,6
Mas Rica Que Ayer,Mambo Kingz_ DJ Luian_ Anuel Aa,3,2023,3,2,1208,34,146409671,94,B,82,53,67,34,0,9,8
People Pt.2 (feat. IU),IU_ Agust D,2,2023,4,7,209,4,95816024,89,G,73,44,57,39,0,32,6
REMIX EXCLUSIVO,Feid,1,2023,3,17,1235,9,117206995,87,F,65,71,56,4,0,15,20
Arcï¿½ï¿½ngel: Bzrp Music Sessions_ Vol,Arcangel_ Bizarrap,2,2023,3,22,654,3,100409613,124,B,72,79,78,55,0,15,30
DOGTOOTH,Tyler_ The Creator,2,2023,3,27,1479,0,80758350,78,G#,71,80,65,51,0,22,32
10:35,Tiï¿½ï¿½sto_ Tate M,2,2022,11,1,4942,26,325592432,120,G#,70,70,79,7,0,18,10
SORRY NOT SORRY,Tyler_ The Creator,2,2023,3,31,709,0,58473276,96,F#,48,50,80,40,0,37,20
HAPPY,NF,1,2023,3,25,660,0,52722996,106,G,73,22,86,31,0,12,4
La Bebe,Yng Lvcas,1,2021,12,24,489,17,191945597,170,D,78,75,46,62,0,12,35
I Know - PR1SVX Edit,Kanii_ PR1ISVX,2,2023,3,24,407,0,77377503,134,B,67,11,76,8,47,30,7
Late Night Talking,Harry Styles,1,2022,5,20,7461,8,743693613,115,A#,71,90,73,30,0,11,5
Leï¿½,Marï¿½ï¿½lia Mendo,1,2022,12,9,993,4,267789608,130,F#,74,79,87,45,0,30,3
Save Your Tears (with Ariana Grande) (Remix),Ariana Grande_ The Weeknd,2,2020,3,20,9161,5,1221813483,118,,65,63,79,3,0,10,3
Something in the Orange,Zach Bryan,1,2022,4,22,3282,12,449701773,110,G,59,22,38,42,0,12,3
VOID,Melanie Martinez,1,2023,3,29,596,0,67070410,100,A,72,42,66,18,4,19,4
Dijeron Que No La Iba Lograr,Fuerza Regida_ Chino Pacas,2,2023,3,14,320,6,116334601,142,G,70,76,79,26,0,11,7
Midnight Rain,Taylor Swift,1,2022,10,21,2612,4,433356509,140,,64,18,37,72,0,12,7
If We Ever Broke Up,Mae Stephens,1,2023,2,10,2040,4,165584767,116,G,90,96,73,62,0,9,4
You Proof,Morgan Wallen,1,2022,5,13,2128,9,367814306,120,A,73,64,85,25,0,61,3
LA INOCENTE,Feid_ Mora,2,2022,4,1,2598,37,477033549,92,F,76,46,79,31,0,7,6
Malas Decisiones,Kenia OS,1,2022,10,26,542,2,156214700,110,G#,81,64,79,5,0,31,3
Murder In My Mind,Kordhell,1,2022,1,21,2459,20,448843705,120,A#,71,57,97,1,0,13,11
Gangsta's Paradise,Coolio_ L.V.,2,1995,7,11,10624,17,1357608774,80,G#,63,40,61,9,0,56,6
CAIRO,Karol G_ Ovy On The Drums,2,2022,11,13,2418,26,294352144,115,F,95,43,69,47,0,9,31
I Love You So,The Walters,1,2014,11,28,7536,7,972164968,76,A#,58,46,67,65,0,13,4
Dark Red,Steve Lacy,1,2017,2,20,10431,7,920045682,172,F#,60,77,78,45,0,12,6
Say You Won't Let Go,James Arthur,1,2016,9,9,15722,16,2420461338,99,A#,40,45,56,69,0,9,5
The Hills,The Weeknd,1,2015,5,27,25744,4,1947371785,136,,36,12,57,9,0,14,8
Heart To Heart,Mac DeMarco,1,2019,5,10,1640,0,244658767,150,G#,90,64,14,67,35,11,10
Peaches (from The Super Mario Bros. Movie),Jack Black,1,2023,4,7,34,0,68216992,92,A#,71,41,31,79,0,10,5
Marisola - Remix,Duki_ NICKI NICOLE_ Cris Mj_ Standly_ Stars Music Chile,5,2022,12,15,1845,16,223582566,95,C#,77,72,87,17,0,7,5
LOKERA,Brray_ Rauw Alejandro_ Lyanno,3,2022,7,25,3301,30,471819764,102,B,83,58,83,21,0,10,5
Low,SZA,1,2022,12,9,1911,0,272377463,145,,70,34,55,43,0,16,6
Numb,Linkin Park,1,2003,3,24,20111,5,1361425037,110,A,50,24,86,0,0,64,4
Tormenta (feat. Bad Bunny),Gorillaz_ Bad Bunny,2,2023,2,24,1529,0,149778242,95,,64,30,77,46,0,38,6
on the street (with J. Cole),j-hope_ J. Cole,2,2023,3,3,615,2,116599790,94,B,68,81,82,53,0,9,13
One Thing At A Time,Morgan Wallen,1,2022,12,2,811,4,148469433,142,G,61,92,91,0,0,26,3
Miss You,Robin Schulz_ Oliver Tree,2,2022,8,5,5730,10,497225336,145,F#,59,20,74,1,0,15,5
Ainï¿½ï¿½ï¿½t Tha,Morgan Wallen,1,2023,3,3,356,4,88791109,121,F#,64,67,80,0,0,36,3
Thinkinï¿½ï¿½ï¿½ B,Morgan Wallen,1,2023,3,3,604,6,125917280,140,D#,66,43,76,49,0,12,3
Private Landing (feat. Justin Bieber & Future),Don Toliver_ Future_ Justin Bieber,3,2023,2,23,1190,0,105062254,137,C#,84,44,67,8,0,11,6
Everything I Love,Morgan Wallen,1,2023,1,31,579,0,95623148,104,G#,56,72,85,0,0,15,3
Heaven,Niall Horan,1,2023,2,17,1553,2,144584800,92,F,57,68,76,7,0,33,3
LET GO,Central Cee,1,2022,12,15,2301,20,298063749,146,D,74,51,45,86,0,21,38
Sial,Mahalini,1,2023,1,23,134,4,166570053,120,D,56,20,43,89,0,12,4
I Wrote The Book,Morgan Wallen,1,2023,1,31,430,0,83021468,144,D,68,83,81,9,0,8,4
"Apna Bana Le (From ""Bhediya"")",Arijit Singh_ Sachin-Jigar,2,2022,11,5,86,0,139836056,94,A,59,44,56,80,0,6,3
SPIT IN MY FACE!,ThxSoMch,1,2022,10,31,629,14,303216294,94,G#,73,65,79,5,2,11,6
PLAYA DEL INGLï¿½,Myke Towers_ Quevedo,2,2022,12,15,1701,15,221409663,113,G,79,66,74,8,0,11,5
Man Made A Bar (feat. Eric Church),Morgan Wallen_ Eric Church,2,2023,3,3,329,0,58890931,148,E,50,49,76,12,0,12,3
Red Ruby Da Sleeze,Nicki Minaj,1,2023,3,3,1168,0,81419389,98,C#,70,29,73,12,0,11,26
Kahani Suno 2.0,Kaifi Khalil,1,2022,5,31,162,6,156777415,140,B,58,26,38,91,0,10,4
Nobody Gets Me,SZA,1,2022,12,9,2536,6,284908316,100,G,36,28,28,81,0,18,3
PERO Tï¿,Karol G_ Quevedo,2,2023,2,23,387,11,93438910,140,F#,86,68,79,39,0,11,29
Hype Boy,NewJeans,1,2022,8,1,892,17,363472647,100,E,59,78,94,27,0,29,23
Bloody Mary,Lady Gaga,1,2011,1,1,3909,0,372476382,100,A,59,49,65,2,0,13,3
Monotonï¿½,Ozuna_ Shakira,2,2022,10,19,3645,15,380726517,132,,87,82,70,42,0,21,5
ýýý98 Braves,Morgan Wallen,1,2023,3,3,282,0,56533272,142,D,49,48,67,10,0,26,3
WANDA,Quevedo,1,2023,1,20,888,22,175399345,176,E,72,96,63,25,0,21,7
Thought You Should Know,Morgan Wallen,1,2022,5,6,968,4,203221468,140,F#,53,51,70,49,0,14,3
In The End,Linkin Park,1,2000,10,24,25065,6,1624165576,105,D#,55,40,90,1,0,32,6
Zona De Perigo,Leo Santana,1,2022,12,8,531,4,134294498,135,F,81,97,77,75,0,35,3
Lovezinho,Treyce,1,2022,7,28,242,0,70069745,128,E,82,61,59,30,0,12,4
I Like You (A Happier Song) (with Doja Cat),Post Malone_ Doja Cat,2,2022,6,3,5281,14,609293408,101,F,74,43,69,12,0,12,7
Neverita,Bad Bunny,1,2022,5,6,2590,30,671365962,122,A#,88,43,50,7,0,14,5
Vista Al Mar,Quevedo,1,2022,9,8,1769,34,362361576,105,,76,49,56,80,12,10,13
Sem Alianï¿½ï¿½a no ,MC Xenon_ Os Gemeos da Putaria,2,2022,12,23,454,4,93587665,83,C#,53,40,36,73,0,11,33
Enemy (with JID) - from the series Arcane League of Legends,Imagine Dragons_ League of Legends_ JID_ Arcane,4,2021,9,3,6180,7,1223481149,77,B,72,59,76,24,0,42,28
Revenge,XXXTENTACION,1,2017,8,25,3600,11,1022258230,140,B,75,18,25,78,0,11,26
Bombonzinho - Ao Vivo,Israel & Rodolffo_ Ana Castela,2,2022,11,3,1254,6,263453310,158,C#,65,72,95,31,0,92,5
LA CANCIï¿½,J Balvin_ Bad Bunny,2,2019,6,28,6398,31,1435127549,176,G,75,43,65,15,0,11,32
Quï¿½ï¿½ Ago,Yuridia_ Angela Aguilar,2,2022,10,20,660,15,236857112,98,B,73,88,57,56,0,5,2
Love Again,The Kid Laroi,1,2023,1,27,1283,0,147538971,107,B,66,47,40,72,0,11,3
After Hours,The Weeknd,1,2020,2,19,8084,6,698086140,109,F,66,16,57,10,1,12,3
About Damn Time,Lizzo,1,2022,7,15,2332,2,723894473,109,A#,84,72,74,10,0,34,7
Born With A Beer In My Hand,Morgan Wallen,1,2023,3,3,203,0,34450974,148,,53,61,81,5,0,36,4
ýýýýýýýýýýýýýýýýýýýýý,Fujii Kaze,1,2020,5,20,685,14,403097450,158,F#,60,52,76,17,0,19,5
Besos Moja2,Wisin & Yandel_ ROSALï¿½,2,2022,9,29,2460,13,309483971,94,F,74,64,73,6,0,10,6
Maan Meri Jaan,King,1,2022,10,12,288,6,319566866,96,F#,70,40,51,35,0,10,4
Moscow Mule,Bad Bunny,1,2022,5,6,4572,33,909001996,100,F,80,29,67,29,0,12,3
My Universe,Coldplay_ BTS,2,2021,9,24,6127,13,1061966512,105,A,58,42,68,1,0,14,4
Devil Donï¿½ï¿½ï¿½,Morgan Wallen,1,2023,3,3,166,0,32526947,125,,53,32,66,38,0,9,3
LLYLM,ROSALï¿½,1,2023,1,27,1838,0,124988687,170,F#,56,56,63,13,0,19,27
I'm Not Here To Make Friends,Sam Smith_ Calvin Harris_ Jessie Reyez,3,2023,1,27,1890,0,103787664,115,,70,84,90,17,0,41,6
TRUSTFALL,P!nk,1,2023,1,27,2098,16,134255790,122,G#,64,25,89,0,0,15,9
ANTIFRAGILE,LE SSERAFIM,1,2022,10,17,761,12,301051721,105,A#,88,82,80,8,0,11,8
Boy's a liar,PinkPantheress,1,2022,11,30,1225,0,156338624,133,F,66,74,84,25,0,21,4
VIBE (feat. Jimin of BTS),TAEYANG_ Jimin,2,2023,1,13,415,2,152850295,100,,79,60,68,7,0,26,4
Shirt,SZA,1,2022,10,28,3469,0,309653982,120,D#,82,55,45,15,3,9,10
Lift Me Up - From Black Panther: Wakanda Forever - Music From and Inspired By,Rihanna,1,2022,10,28,3311,0,297328960,177,A,25,17,30,90,0,13,3
STAR WALKIN' (League of Legends Worlds Anthem),Lil Nas X,1,2022,9,22,2616,0,332506354,142,D,64,31,72,15,0,9,5
Sex_ Drugs_ Etc.,Beach Weather,1,2016,11,4,3006,16,480507035,144,E,57,47,84,1,1,52,4
Boy With Luv (feat. Halsey),Halsey_ BTS,2,2019,4,12,4260,0,1065580332,120,B,65,80,86,9,0,19,10
Hey_ Mickey!,Baby Tate,1,2016,9,27,482,0,122763672,135,D,92,73,51,55,0,15,6
Calm Down,Rï¿½ï,1,2022,2,9,4013,10,445763624,107,B,81,82,78,38,0,12,4
Jhoome Jo Pathaan,Arijit Singh_ Vishal Dadlani_ Sukriti Kakar_ Vishal-Shekhar_ Shekhar Ravjiani_ Kumaar,6,2022,12,22,138,4,1365184,105,G,82,62,74,10,0,33,7
Escapism. - Sped Up,RAYE_ 070 Shake,2,2022,11,25,1368,0,184308753,108,F#,44,38,77,9,0,9,20
Space Song,Beach House,1,2015,1,1,17852,4,789753877,147,,51,62,79,22,13,14,3
Dreamers [Music from the FIFA World Cup Qatar 2022 Official Soundtrack],BTS_ Jung Kook_ FIFA Sound,3,2022,11,20,889,20,323358833,115,,71,34,88,16,0,44,4
Te Felicito,Shakira_ Rauw Alejandro,2,2022,4,21,4796,9,606361689,174,F,70,57,64,23,0,8,32
Muï¿½ï¿½,Steve Aoki_ Tini_ La Joaqui,3,2023,1,12,658,6,120972253,90,A#,68,83,71,3,0,31,8
TV,Billie Eilish,1,2022,7,21,3009,2,338564981,141,E,41,9,25,84,1,14,4
I'm Not The Only One,Sam Smith,1,2014,1,1,17492,3,1606986953,82,F,68,50,49,56,0,8,4
Heather,Conan Gray,1,2020,3,20,6170,7,1301799902,92,F,47,25,43,62,0,32,3
"Besharam Rang (From ""Pathaan"")",Vishal-Shekhar_ Shilpa Rao_ Caralisa Monteiro_ Kumaar_ Vishal Dadlani_ Shekhar Ravjiani,6,2022,12,12,130,4,140187018,116,G#,77,65,80,6,0,15,4
One Kiss (with Dua Lipa),Calvin Harris_ Dua Lipa,2,2017,6,2,27705,10,1897517891,124,A,79,59,86,4,0,8,11
Sugar Rush Ride,TOMORROW X TOGETHER,1,2023,1,27,359,0,107642809,125,A#,71,83,89,1,0,17,9
Pink Venom,BLACKPINK,1,2022,8,19,1963,16,551305895,90,,80,71,69,2,0,27,10
WAIT FOR U (feat. Drake & Tems),Drake_ Future_ Tems,3,2022,4,27,5491,14,556585270,83,C#,46,34,64,31,0,7,34
Don't Start Now,Dua Lipa,1,2019,10,31,27119,0,2303033973,124,B,79,68,79,1,0,10,8
After Dark,Mr.Kitty,1,2014,8,8,1776,14,646886885,140,G#,58,4,60,7,41,8,3
Eu Gosto Assim - Ao Vivo,Gustavo Mioto_ Mari Fernandez,2,2022,9,16,1473,4,222612678,154,,64,61,91,15,0,72,4
INDUSTRY BABY (feat. Jack Harlow),Jack Harlow_ Lil Nas X,2,2021,7,23,13315,0,1814349763,150,D#,74,89,70,2,0,5,6
MIDDLE OF THE NIGHT,Elley Duhï¿,1,2020,1,10,4057,8,872137015,186,E,41,9,61,2,0,12,5
Atlantis,Seafret,1,2015,4,22,3045,6,571386359,166,G#,40,23,48,5,0,12,3
PUNTO 40,Baby Rasta_ Rauw Alejandro,2,2022,9,22,3006,12,304079786,107,,87,20,83,0,4,31,9
Evoque Prata,DJ Escobar_ MC MENOR SG_ MC MENOR HR,3,2022,9,9,852,0,174006928,87,G,87,52,52,31,0,28,24
How Do I Say Goodbye,Dean Lewis,1,2022,8,5,2163,15,284785823,82,G#,40,39,64,21,0,7,7
Blind,SZA,1,2022,12,9,1484,0,163284000,114,A,46,60,28,91,0,21,4
Die For You,Joji,1,2022,11,4,1703,0,246390068,148,G#,47,15,52,38,13,29,5
Doja,Central Cee,1,2022,7,20,4169,44,482257456,140,F#,91,97,57,38,0,40,29
Gatita,Bellakath,1,2022,10,3,1054,0,168684524,101,G,90,76,81,15,24,33,6
Rumble,Skrillex_ Flowdan_ Fred again..,3,2022,1,17,2849,0,78489819,140,C#,81,6,84,5,23,6,6
Niagara Falls (Foot or 2) [with Travis Scott & 21 Savage],Travis Scott_ 21 Savage_ Metro Boomin,3,2022,12,2,1602,0,195516622,88,G,49,24,66,19,0,18,29
Yonaguni,Bad Bunny,1,2021,6,4,9644,28,1260594497,180,C#,64,44,65,28,0,14,12
Super Freaky Girl,Nicki Minaj,1,2022,8,12,4827,0,428685680,133,D,95,91,89,6,0,31,24
Running Up That Hill (A Deal With God),Kate Bush,1,1985,9,16,21811,0,1024858327,108,A#,63,20,55,72,0,6,6
Dream On,Aerosmith,1,1973,1,5,168,0,838586769,80,F,39,24,43,39,0,23,3
Limbo,Freddie Dredd,1,2022,8,11,688,0,199386237,75,B,80,46,62,3,6,11,46
Where Are You Now,Lost Frequencies_ Calum Scott,2,2021,7,30,10565,44,972509632,121,F#,67,26,64,52,0,17,10
WORTH NOTHING,Twisted_ Oliver Tree,2,2022,9,28,1612,0,213438580,140,D,58,17,62,18,0,20,8
Bad Habits,Ed Sheeran,1,2020,9,3,12755,8,1555511105,126,B,81,59,90,5,0,36,3
KICK BACK,Kenshi Yonezu,1,2022,10,12,574,4,210038833,102,C#,58,29,94,0,0,9,11
Evergreen (You Didnï¿½ï¿½ï¿½t Deserve Me A,Omar Apollo,1,2022,4,8,2499,0,227918678,82,A,70,31,34,60,1,11,4
Good Days,SZA,1,2020,12,24,10426,2,826623384,121,C#,46,53,78,23,0,72,6
Levitating (feat. DaBaby),Dua Lipa_ DaBaby,2,2020,3,27,15894,8,1802514301,103,F#,70,92,83,1,0,7,6
Woman,Doja Cat,1,2021,6,25,9424,0,1329090101,108,F,82,88,76,9,0,12,9
Shut up My Moms Calling - (Sped Up),Hotel Ugly,1,2022,9,14,713,7,181831132,85,F,65,36,47,31,0,12,10
Ferrari,James Hype_ Miggy Dela Rosa,2,2022,3,14,7758,28,462791599,125,C#,84,70,69,1,0,5,5
You're On Your Own_ Kid,Taylor Swift,1,2022,10,21,2537,2,348647203,120,D,69,40,39,41,0,13,6
"Kesariya (From ""Brahmastra"")",Pritam_ Arijit Singh_ Amitabh Bhattacharya,3,2022,7,17,292,6,366599607,94,,58,44,57,57,0,10,3
Agudo Mï¿½ï¿½gi,Styrx_ utku INC_ Thezth,3,1930,1,1,323,0,90598517,130,F#,65,49,80,22,4,7,5
Payphone,Maroon 5_ Wiz Khalifa,2,2012,1,1,14143,4,1479264469,110,E,74,51,74,2,0,29,4
All I Want for Christmas Is You,Mariah Carey,1,1994,10,28,25653,0,1449779435,150,G,34,33,63,16,0,7,4
Last Christmas,Wham!,1,1984,1,1,22153,0,1159176109,107,B,74,88,65,28,0,46,3
Rockin' Around The Christmas Tree,Brenda Lee,1,1958,1,1,14994,0,769213520,140,G#,70,85,41,71,0,45,5
Jingle Bell Rock,Bobby Helms,1,1957,1,1,10326,0,741301563,119,D,74,78,37,84,0,6,3
It's Beginning To Look A Lot Like Christmas,Michael Bublï¿,1,2011,10,14,12353,0,807561936,93,E,35,38,23,91,0,29,3
Santa Tell Me,Ariana Grande,1,2013,12,13,9408,0,834129063,133,G,46,53,63,5,0,30,18
It's the Most Wonderful Time of the Year,Andy Williams,1,1963,10,14,8879,0,663832097,202,G,24,76,60,77,0,12,4
Let It Snow! Let It Snow! Let It Snow!,Dean Martin,1,1959,11,16,6512,0,446390129,134,C#,45,72,24,91,0,18,4
Snowman,Sia,1,2017,1,1,5140,0,690104769,105,C#,72,33,51,48,0,9,3
Underneath the Tree,Kelly Clarkson,1,2013,10,25,6596,0,485285717,160,G#,51,69,81,0,0,21,5
Feliz Navidad,Josï¿½ï¿½ Felic,1,1970,11,1,3788,0,520034544,148,D,50,96,82,47,0,34,4
Holly Jolly Christmas,Michael Bublï¿,1,2011,10,14,7655,0,476244795,151,G,65,70,47,87,0,9,4
Mistletoe,Justin Bieber,1,2011,1,1,9577,0,629173063,162,F#,67,88,54,51,0,9,4
Sleigh Ride,The Ronettes,1,1963,11,22,10114,0,404664135,92,D,53,84,77,40,0,32,3
Seek & Destroy,SZA,1,2022,12,9,1007,0,98709329,152,C#,65,35,65,44,18,21,7
Love Language,SZA,1,2022,12,9,1127,0,110849052,65,A,71,55,26,85,0,13,8
Happy Xmas (War Is Over),John Lennon_ The Harlem Community Choir_ The Plastic Ono Band_ Yoko Ono,4,1971,12,1,10829,0,460492795,147,D,33,39,61,32,0,77,3
Used (feat. Don Toliver),SZA_ Don Toliver,2,2022,12,8,1042,0,94005786,150,A#,73,71,69,53,0,32,9
A Holly Jolly Christmas - Single Version,Burl Ives,1,1952,1,1,7930,0,395591396,140,,67,81,36,64,0,15,3
The Christmas Song (Merry Christmas To You) - Remastered 1999,Nat King Cole,1,1946,11,1,11500,0,389771964,139,C#,36,22,15,84,0,11,4
Wonderful Christmastime - Edited Version / Remastered 2011,Paul McCartney,1,1979,11,16,1685,0,403939487,95,B,75,74,58,36,0,9,3
Do They Know It's Christmas? - 1984 Version,Band Aid,1,1984,11,25,14169,0,481697415,115,,60,23,57,0,2,27,3
Ghost in the Machine (feat. Phoebe Bridgers),SZA_ Phoebe Bridgers,2,2022,12,9,1634,0,110073250,125,F#,62,59,43,84,3,11,5
Special,SZA,1,2022,12,9,906,0,88092256,76,,60,19,20,78,0,11,5
Merry Christmas Everyone,Shakin' Stevens,1,1984,1,1,1087,0,351636786,101,C#,72,91,87,14,0,13,3
Let It Snow! Let It Snow! Let It Snow!,Frank Sinatra_ B. Swanson Quartet,2,1950,1,1,10585,0,473248298,143,D,60,86,32,88,0,34,6
SOS,SZA,1,2022,12,9,827,0,73981293,119,G,51,51,66,67,0,9,23
Open Arms (feat. Travis Scott),SZA_ Travis Scott,2,2022,12,8,1420,4,155653938,78,A,67,22,59,76,1,15,16
White Christmas,Bing Crosby_ John Scott Trotter & His Orchestra_ Ken Darby Singers,3,1942,1,1,11940,0,395591396,96,A,23,19,25,91,0,40,3
Driving Home for Christmas - 2019 Remaster,Chris Rea,1,1986,1,1,888,0,429504768,180,A,51,87,58,36,0,18,4
Christmas (Baby Please Come Home),Darlene Love,1,1963,11,22,9122,0,242767149,126,D#,34,35,76,39,0,8,5
Gone Girl,SZA,1,2022,12,9,892,0,65362788,150,F,43,42,44,57,0,15,6
F2F,SZA,1,2022,12,9,989,0,67540165,90,D,53,47,74,9,0,34,4
Notice Me,SZA,1,2022,12,9,819,0,62019074,160,F,72,78,68,28,0,11,12
Merry Christmas,Ed Sheeran_ Elton John,2,2017,11,10,2209,0,135723538,114,,59,60,94,24,0,10,4
It's Beginning to Look a Lot Like Christmas (with Mitchell Ayres & His Orchestra),Perry Como_ The Fontane Sisters_ Mitchell Ayres & His Orchestra,3,1958,1,1,6290,0,295998468,113,G,73,72,32,77,0,15,5
My Only Wish (This Year),Britney Spears,1,2000,11,7,6952,0,261116938,147,,67,69,72,17,0,19,3
Antidepresan,Mabel Matiz_ Mert Demir,2,2022,11,4,313,2,136689549,100,B,70,92,59,3,0,10,3
Wild Flower (with youjeen),RM,1,2022,12,2,353,2,135611421,155,G#,49,42,77,3,0,12,9
I Hate U,SZA,1,2021,12,3,4094,0,356709897,107,G,54,41,39,51,0,11,16
Raindrops (Insane) [with Travis Scott],Travis Scott_ Metro Boomin,2,2022,12,2,880,0,110649992,112,G#,80,15,54,9,0,38,5
SPIT IN MY FACE!,ThxSoMch,1,2022,10,31,573,0,301869854,166,C#,70,57,57,9,20,11,7
Deck The Hall - Remastered 1999,Nat King Cole,1,1959,1,1,3299,0,127027715,107,F#,69,96,36,81,0,8,4
Smoking on my Ex Pack,SZA,1,2022,12,9,811,0,57144458,81,G#,47,33,68,24,0,22,38
Conceited,SZA,1,2022,12,9,899,0,56870689,150,C#,79,77,46,5,0,11,7
Snow On The Beach (feat. Lana Del Rey),Taylor Swift_ Lana Del Rey,2,2022,10,21,2415,0,323437194,110,A,66,19,32,69,0,12,4
Maroon,Taylor Swift,1,2022,10,21,2304,0,317726339,108,G,64,4,40,6,0,10,6
Tubarï¿½ï¿½o Te,Dj LK da Escï¿½ï¿½cia_ Tchakabum_ mc jhenny_ M,4,2022,9,28,1003,0,116144341,130,E,89,48,74,30,0,7,36
Bejeweled,Taylor Swift,1,2022,10,21,2699,0,328207708,164,G,70,39,56,6,0,9,7
Tarot,Bad Bunny_ Jhay Cortez,2,2022,5,6,2482,20,608228647,114,B,80,42,68,2,0,66,4
You Make It Feel Like Christmas (feat. Blake Shelton),Gwen Stefani_ Blake Shelton,2,2005,9,20,2577,0,180577478,93,F,63,93,88,1,0,12,4
Desesperados,Chencho Corleone_ Rauw Alejandro,2,2021,6,25,6821,34,809306935,90,C#,87,51,69,36,0,9,8
Too Late,SZA,1,2022,12,8,714,0,49262961,128,B,45,35,68,78,0,39,8
Party,Bad Bunny_ Rauw Alejandro,2,2022,5,6,3185,4,614555082,97,A,83,47,80,2,0,24,9
Run Rudolph Run - Single Version,Chuck Berry,1,1958,1,1,8612,0,245350949,152,G,69,94,71,79,0,7,8
Jingle Bells - Remastered 1999,Frank Sinatra,1,1957,1,1,4326,0,178660459,175,G#,51,94,34,73,0,10,5
Far,SZA,1,2022,12,9,680,0,51641685,116,D,61,48,55,67,0,16,8
On Time (with John Legend),John Legend_ Metro Boomin,2,2022,12,2,398,0,78139948,80,F,33,51,59,76,0,44,6
GATï¿½ï¿½,Maldy_ Karol G,2,2022,8,25,3328,13,322336177,93,B,63,34,86,26,0,21,39
ýýýabcdefu,Gayle,1,2021,8,13,7215,0,1007612429,122,E,70,42,54,30,0,37,5
Sacrifice,The Weeknd,1,2022,1,7,4440,0,326792833,122,G,70,91,79,3,0,7,10
Is There Someone Else?,The Weeknd,1,2022,1,7,2881,6,391251368,135,A,70,60,58,4,0,16,3
Fingers Crossed,Lauren Spencer Smith_ Lauren Spencer Smith_ Lauren Spencer Smith,3,2022,1,5,2235,0,349585590,109,F,60,45,47,62,0,31,5
Out of Time,The Weeknd,1,2022,1,7,3711,0,339659802,93,,65,82,74,27,0,32,5
Do It To It,Cherish_ ACRAZE,2,2021,8,20,12403,0,674772936,125,B,85,64,81,2,5,7,9
We Don't Talk About Bruno,Adassa_ Mauro Castillo_ Stephanie Beatriz_ Encanto - Cast_ Rhenzy Feliz_ Diane Guerrero_ Carolina Gaitan,7,2021,11,19,2785,0,432719968,206,,58,83,45,36,0,11,8
Pepas,Farruko,1,2021,6,24,14114,17,1309887447,130,G,76,44,77,1,0,13,3
How Do I Make You Love Me?,The Weeknd,1,2022,1,7,1915,0,119238316,121,G,80,62,51,2,0,9,8
Gasoline,The Weeknd,1,2022,1,7,2297,0,116903579,123,F#,74,35,73,0,0,21,5
Infinity,Jaymes Young,1,2017,6,23,4375,0,888046992,122,B,67,50,67,15,0,30,4
Less Than Zero,The Weeknd,1,2022,1,7,2800,0,200660871,143,,53,50,79,0,0,8,3
Take My Breath,The Weeknd,1,2021,8,6,2597,0,130655803,121,A#,70,35,77,1,0,26,4
good 4 u,Olivia Rodrigo,1,2021,5,14,15563,6,1887039593,166,F#,56,68,66,28,0,11,18
Here We Goï¿½ï¿½ï¿½ Again (feat. Tyler_ the Cr,The Weeknd_ Tyler_ The Creator,3,2022,1,7,1420,0,88103848,135,C#,41,27,64,36,0,60,3
Best Friends,The Weeknd,1,2022,1,7,1292,0,101114984,87,E,49,49,59,44,0,35,21
Kiss Me More (feat. SZA),SZA_ Doja Cat,2,2021,4,9,15867,0,1575467011,111,G#,77,74,66,30,0,13,3
I Heard You're Married (feat. Lil Wayne),The Weeknd_ Lil Wayne,2,2022,1,7,1178,0,91656026,110,D,75,85,84,10,0,31,19
Need To Know,Doja Cat,1,2021,6,11,6672,0,1042568408,130,C#,66,19,61,30,0,9,7
MONTERO (Call Me By Your Name),Lil Nas X,1,2020,9,18,12329,0,1735441776,179,G#,61,76,51,30,0,38,15
love nwantiti (ah ah ah),Ckay,1,2019,7,26,5669,2,726837877,93,F,74,53,73,61,0,13,4
Dawn FM,The Weeknd,1,2022,1,7,811,0,53933526,78,A,27,10,49,62,0,49,5
Surface Pressure,Jessica Darrow,1,2021,11,19,1756,0,267758538,180,D,65,37,58,2,0,4,31
Starry Eyes,The Weeknd,1,2022,1,7,1014,0,74601456,86,A,28,13,41,50,0,19,3
THATS WHAT I WANT,Lil Nas X,1,2021,9,17,7963,0,920797189,88,C#,74,55,85,1,0,5,22
One Right Now (with The Weeknd),The Weeknd_ Post Malone,2,2021,11,5,4771,0,539595276,97,C#,68,72,78,4,0,7,5
Beggin,Mï¿½ï¿½ne,1,2017,12,8,8559,0,1367810478,134,B,71,59,80,13,0,36,5
Mon Amour - Remix,Aitana_ zzoilo,2,2020,9,21,3221,2,578207856,116,D,75,36,76,12,0,10,10
Lo Siento BB:/ (with Bad Bunny & Julieta Venegas),Julieta Venegas_ Bad Bunny_ Tainy,3,2021,10,5,3423,26,775542072,170,E,64,14,70,9,0,9,8
MONEY,Lisa,1,2021,9,10,2566,13,863625566,140,C#,83,40,55,16,0,14,23
The Motto,Tiï¿½ï¿½sto_ Ava,2,2021,11,4,9151,6,656013912,118,G,75,46,76,3,0,9,4
Happier Than Ever,Billie Eilish,1,2021,7,30,8476,0,1056760045,65,,31,31,24,76,0,14,4
Moth To A Flame (with The Weeknd),The Weeknd_ Swedish House Mafia,2,2021,10,22,7495,17,611994237,120,,56,16,67,0,0,11,4
traitor,Juan Cruz Toledo_ Huilen Toledo,2,2021,5,21,5257,6,1230855859,176,D#,29,12,33,68,0,12,5
Toxic,BoyWithUke,1,2021,9,10,1795,0,582981380,180,G#,59,69,61,84,0,46,36
drivers license,Olivia Rodrigo,1,2021,1,8,12685,3,1858144199,144,A#,59,21,43,76,0,10,7
Malvadï¿½ï¿,Xamï¿½ï¿½_ Gustah_ Neo B,3,2021,11,30,648,1,240684449,133,F#,82,52,61,38,0,14,27
All Too Well (10 Minute Version) (Taylor's Version) (From The Vault),Taylor Swift,1,2021,11,12,4635,5,583687007,93,,63,21,52,28,0,9,3
Donï¿½ï¿½ï¿½t Break My,The Weeknd,1,2022,1,7,1184,0,63803529,122,A#,77,25,62,34,0,23,3
Oh My God,Adele,1,2021,11,19,4431,0,466214729,88,C#,53,55,73,9,0,3,5
Entre Nosotros (Remix) [con Nicki Nicole],Lit Killah_ Maria Becerra_ Tiago pzk_ NICKI NICOLE,4,2022,1,5,759,3,236940480,170,F,70,61,44,40,0,37,4
A Tale By Quincy,The Weeknd,1,2022,1,7,733,0,41924466,94,F,46,55,50,71,0,10,11
I AM WOMAN,Emmy Meli,1,2021,11,18,2795,0,225259194,170,A#,65,46,47,12,0,13,16
Medallo,Justin Quiles_ Lenny Tavï¿½ï¿½rez_ BL,3,2021,10,27,2780,2,393230256,90,E,79,79,70,57,0,66,8
It'll Be Okay,Shawn Mendes,1,2021,12,1,1950,0,287201015,78,G,40,7,29,62,0,9,3
Softcore,The Neighbourhood,1,2018,3,9,3947,12,599770206,94,D,57,36,58,5,0,15,3
Super Gremlin,Kodak Black,1,2021,10,30,2551,0,342779426,73,D,83,11,41,0,0,36,14
Volvï¿,Aventura_ Bad Bunny,2,2021,8,3,5375,10,673801126,176,C#,73,79,86,42,0,7,18
Todo De Ti,Rauw Alejandro,1,2020,11,2,11975,8,1168642797,128,D#,81,57,63,40,1,10,4
Love Nwantiti - Remix,Ckay_ AX'EL_ Dj Yo!,3,2019,8,30,2696,0,540539717,120,G#,58,44,60,44,9,5,6
Smokin Out The Window,Bruno Mars_ Anderson .Paak_ Silk Sonic,3,2021,11,5,4963,0,383550148,82,D,63,85,62,6,0,35,4
Meet Me At Our Spot,THE ANXIETY_ Willow_ Tyler Cole,3,2020,3,13,6734,0,530511203,95,D,77,40,47,2,0,9,3
Every Angel is Terrifying,The Weeknd,1,2022,1,7,715,0,37307967,118,,44,52,94,11,0,4,29
Tacones Rojos,Sebastian Yatra,1,2021,10,22,3047,9,510876816,123,B,75,93,86,8,0,14,3
Peaches (feat. Daniel Caesar & Giveon),Justin Bieber_ Daniel Caesar_ Giveon,3,2021,3,19,14140,0,1445941661,90,,63,49,68,38,0,42,18
Dakiti,Bad Bunny_ Jhay Cortez,2,2020,10,30,11215,21,1763363713,110,E,73,14,57,40,0,11,5
Tiago PZK: Bzrp Music Sessions_ Vol. 48,Bizarrap_ Tiago pzk,2,2021,12,29,1678,12,374191487,96,C#,66,76,82,47,0,10,32
Lï¿½ï¿½ï¿,Stromae,1,2022,1,9,2035,0,108809090,88,D,56,58,55,35,0,23,11
Nostï¿½ï¿½l,Chris Brown_ Rvssian_ Rauw Alejandro,3,2021,9,8,2780,2,436695353,98,A,73,60,85,17,0,24,5
Better Days (NEIKED x Mae Muller x Polo G),NEIKED_ Mae Muller_ Polo G,3,2021,9,24,4091,0,421040617,110,,72,67,68,0,0,14,4
Life Goes On,Oliver Tree,1,2020,7,17,2868,0,501541661,80,,70,57,49,19,0,12,8
Sad Girlz Luv Money Remix (feat. Kali Uchis),Kali Uchis_ Amaarae_ Moliy,3,2021,9,16,3643,0,354065229,110,C#,86,31,53,43,0,11,6
Butter,BTS,1,2021,5,21,4779,6,1143647827,110,G#,79,70,36,0,0,6,11
pushin P (feat. Young Thug),Young Thug_ Future_ Gunna,3,2022,1,7,3517,0,311395144,78,C#,77,49,42,1,1,13,19
You Right,Doja Cat_ The Weeknd,2,2021,6,24,5073,0,672656250,129,G#,83,44,62,2,0,8,6
deja vu,Olivia Rodrigo,1,2021,4,1,7545,4,1256880657,181,A,44,22,60,61,0,42,9
Dynamite,BTS,1,2020,8,21,8528,5,1692897992,114,F#,75,74,77,1,0,9,10
TO THE MOON,Jnr Choi,1,2021,11,5,2979,0,245095641,144,D,74,39,65,5,1,11,35
Lost in the Fire,The Weeknd_ Gesaffelstein,2,2019,1,11,7731,2,686734357,101,D,66,18,68,9,0,12,4
Salimo de Noche,Trueno_ Tiago pzk,2,2021,10,21,1057,0,261414174,84,D,67,78,63,29,0,12,5
Volando - Remix,Sech_ Bad Bunny_ Mora,3,2021,7,8,3272,19,610045621,154,F#,66,63,69,21,0,11,7
Leave The Door Open,Bruno Mars_ Anderson .Paak_ Silk Sonic,3,2021,3,5,14417,0,1115880852,148,F,59,72,62,18,0,9,3
Knife Talk (with 21 Savage ft. Project Pat),Drake_ Project Pat_ 21 Savage,3,2021,9,3,5199,0,594482982,146,F,85,22,37,13,0,7,30
Don't Be Shy,Tiï¿½ï¿½sto_ Kar,2,2021,8,1,6026,0,566954746,120,B,77,51,79,20,0,26,6
Love Grows (Where My Rosemary Goes),Edison Lighthouse,1,1970,1,1,2877,0,BPM110KeyAModeMajorDanceability53Valence75Energy69Acousticness7Instrumentalness0Liveness17Speechiness3,110,A,53,75,69,7,0,17,3
LA FAMA (with The Weeknd),The Weeknd_ ROSALï¿½,2,2021,11,11,4640,3,374706940,136,,77,82,30,95,0,13,5
The Family Madrigal,Olga Merediz_ Stephanie Beatriz_ Encanto - Cast,3,2021,11,19,1150,0,184937148,141,C#,59,56,63,12,0,6,36
Phantom Regret by Jim,The Weeknd,1,2022,1,7,768,0,31959571,108,A,46,23,48,75,30,14,4
Dos Oruguitas,Sebastian Yatra,1,2021,11,19,925,0,167076418,94,,42,47,36,76,0,9,5
Freaks,Surf Curse,1,2015,5,10,3006,3,824420218,180,A,35,41,94,0,63,5,5
Acapulco,Jason Derulo,1,2021,9,1,3098,0,363467642,122,A#,77,51,79,5,0,16,5
Daddy Issues,The Neighbourhood,1,2015,10,30,9771,4,1127468248,85,A#,59,33,52,7,15,12,3
thought i was playing,21 Savage_ Gunna,2,2022,1,7,807,0,60680939,148,C#,68,29,73,0,0,7,7
ELEVEN,IVE,1,2021,12,1,521,1,247737946,120,A,83,59,73,6,0,5,11
Mood (feat. Iann Dior),24kgoldn_ Iann Dior,2,2020,7,24,12854,0,1699402402,91,G,70,76,72,22,0,27,4
What Else Can I Do?,Stephanie Beatriz_ Diane Guerrero,2,2021,11,19,802,0,154797871,120,E,72,54,71,26,0,10,4
DANCE CRIP,Trueno,1,2021,11,17,731,0,198883004,106,,86,86,79,11,0,8,9
Miserable Man,David Kushner,1,2022,1,7,788,0,124407432,110,A#,63,31,35,93,0,29,3
happier,Olivia Rodrigo,1,2021,5,21,3069,4,850608354,169,F#,39,36,45,81,0,8,13
Praise God,Kanye West,1,2021,8,29,4651,0,376333030,118,C#,80,21,55,1,0,26,17
Get Into It (Yuh),Doja Cat,1,2021,6,25,4999,0,516784627,92,G#,91,79,66,32,0,9,16
Before You Go,Lewis Capaldi,1,2019,11,1,8327,24,1608045237,112,D#,45,19,60,63,0,9,6
Sky,Playboi Carti,1,2020,12,25,3297,3,506778838,140,D,79,56,91,26,0,13,21
Rolling in the Deep,Adele,1,2010,11,29,35684,6,1472799873,105,G#,73,52,76,13,0,5,3
Sobrio,Maluma,1,2021,7,8,3506,10,513643924,178,F,76,63,77,14,0,15,22
Peru,Ed Sheeran_ Fireboy DML,2,2021,12,23,2999,0,261286503,108,G,96,71,42,57,0,8,9
favorite crime,Olivia Rodrigo,1,2021,5,21,3681,0,783706581,173,A,40,19,29,86,0,34,4
Thunder,Prezioso_ Gabry Ponte_ LUM!X,3,2021,5,7,4846,10,422691058,101,C#,67,40,90,3,0,34,6
The Business,Tiï¿½ï¿,1,2020,1,1,14311,0,1062345656,120,G#,80,24,62,41,2,11,23
positions,Ariana Grande,1,2020,10,23,8207,0,1252563873,144,,73,66,80,44,0,9,12
I WANNA BE YOUR SLAVE,Mï¿½ï¿½ne,1,2021,3,19,4873,0,851070493,133,C#,75,96,61,0,0,18,4
Vai Lï¿½ï¿½ Em Casa ,Marï¿½ï¿½lia Mendonï¿½ï¿½a_ George Henrique &,2,2021,10,22,772,0,263894529,158,G#,46,62,83,53,0,97,28
The Feels,TWICE,1,2021,10,1,1150,0,345903614,120,A,81,92,90,9,0,8,7
HEARTBREAK ANNIVERSARY,Giveon,1,2020,2,21,5398,4,951637566,129,,61,59,46,56,0,13,5
No Lie,Sean Paul_ Dua Lipa,2,2016,11,18,7370,0,956865266,102,G,74,45,89,5,0,26,13
OUT OUT (feat. Charli XCX & Saweetie),Charli XCX_ Jax Jones_ Joel Corry_ Saweetie,4,2021,8,13,6890,0,427486004,124,G#,79,79,84,2,0,5,5
Pope Is a Rockstar,SALES,1,2016,4,20,1966,0,156658366,90,E,73,31,45,85,24,11,3
2055,Sleepy hallow,1,2021,4,14,2226,0,624515457,161,F#,78,65,52,46,0,12,31
Bored,Billie Eilish,1,2017,3,30,4204,0,777765388,120,G,60,11,33,90,0,8,5
Happier Than Ever - Edit,Billie Eilish,1,2021,7,28,1959,0,412795151,81,,45,12,57,7,0,23,3
Astronaut In The Ocean,Masked Wolf,1,2019,1,1,7191,0,1138474110,150,E,78,47,70,18,0,15,9
Ley Seca,Anuel Aa_ Jhay Cortez,2,2021,9,2,2012,0,355219175,105,G#,76,58,84,10,0,13,10
Every Summertime,NIKI,1,2021,8,10,1211,2,290228626,79,F#,63,76,67,38,0,6,4
Talking To The Moon,Bruno Mars,1,2010,10,4,7109,2,1062956628,146,C#,52,7,61,51,0,11,3
you broke me first,Tate McRae,1,2020,4,17,6638,0,1180094974,124,E,64,8,37,79,0,9,5
The Nights,Avicii,1,2014,1,1,17354,8,1456081449,126,F#,53,66,85,2,0,24,4
Take My Breath,The Weeknd,1,2021,8,6,6392,0,432702334,121,G#,75,53,74,2,0,11,5
Way 2 Sexy (with Future & Young Thug),Drake_ Future_ Young Thug,3,2021,9,3,5481,0,489945871,136,B,80,33,60,0,0,32,14
Cï¿½ï¿½,Rauw Alejandro,1,2021,6,25,2636,3,465959382,102,A,77,26,63,58,0,11,5
Enemy - from the series Arcane League of Legends,Imagine Dragons_ League of Legends_ Arcane,3,2021,10,27,824,0,1223481149,77,G,73,54,74,23,0,41,23
Dance Monkey,Tones and I,1,2019,5,10,24529,0,2864791672,98,F#,82,54,59,69,0,18,10
Lucid Dreams,Juice WRLD,1,2017,6,15,14749,0,2288695111,84,B,44,22,48,38,0,33,24
Quï¿½ï¿½ Mï¿½ï¿,J Balvin_ Maria Becerra,2,2021,1,28,8087,0,720825549,102,G#,89,77,82,3,0,17,11
All of Me,John Legend,1,2013,8,1,27221,0,2086124197,120,G#,42,33,26,92,0,13,3
Smells Like Teen Spirit - Remastered 2021,Nirvana,1,1991,9,10,49991,9,1690192927,117,C#,52,73,91,0,0,11,7
Arcade,Duncan Laurence,1,2019,3,7,6646,0,991336132,72,A,45,27,33,82,0,14,4
Fair Trade (with Travis Scott),Drake_ Travis Scott,2,2021,9,3,5403,6,593917618,168,C#,67,29,47,5,0,22,26
Bar,Tini_ L-Gante,2,2021,11,11,755,4,200972675,94,C#,52,68,69,13,0,33,8
The Rumbling (TV Size),SiM,1,2022,1,10,254,0,71014967,145,G#,41,65,88,0,0,26,5
family ties (with Kendrick Lamar),Kendrick Lamar_ Baby Keem,2,2021,8,27,6308,5,560222750,134,C#,71,14,61,1,0,23,33
Mr. Brightside,The Killers,1,2003,9,23,51979,15,1806617704,148,C#,35,24,93,0,0,10,8
Blessed-Cursed,ENHYPEN,1,2022,1,10,246,0,77337771,127,E,60,40,89,9,0,60,6
AM Remix,J Balvin_ Nio Garcia_ Bad Bunny,3,2021,6,24,6556,0,528544703,172,F#,74,79,66,11,0,8,16
Streets,Doja Cat,1,2019,11,7,5728,0,865640097,90,B,75,19,46,21,4,34,8
Shallow,Lady Gaga_ Bradley Cooper,2,2018,9,27,16636,12,2159346687,96,G,57,30,40,38,0,26,3
Polaroid Love,ENHYPEN,1,2022,1,10,461,0,211372494,138,G,74,65,67,46,0,36,4
Leave Before You Love Me (with Jonas Brothers),Marshmello_ Jonas Brothers,2,2021,4,28,4893,4,651732901,120,G,72,67,72,0,0,13,4
Permission to Dance,BTS,1,2021,7,9,1801,2,608334048,125,A,70,65,74,1,0,34,4
Friday (feat. Mufasa & Hypeman) - Dopamine Re-Edit,Riton_ Nightcrawlers_ Mufasa & Hypeman_ Dopamine,4,2021,1,15,12043,0,863756573,123,D,82,80,86,1,0,30,13
RAPSTAR,Polo G,1,2021,4,9,4731,0,797402345,81,F#,79,44,54,41,0,13,24
'Till I Collapse,Eminem_ Nate Dogg,2,2002,5,26,22923,0,1695712020,171,C#,55,10,85,7,0,8,20
Memories,Maroon 5,1,2019,9,20,9974,2,1759567999,91,B,77,60,32,84,0,8,5
Se Le Ve,Arcangel_ De La Ghetto_ Justin Quiles_ Lenny Tavï¿½ï¿½rez_ Sech_ Dalex_ Dimelo Flow_ Rich Music,8,2021,8,12,1560,0,223319934,84,G,56,61,76,10,0,14,11
25k jacket (feat. Lil Baby),Gunna_ Lil Baby,2,2022,1,7,620,0,54937991,115,F,90,74,54,16,0,13,28
When Iï¿½ï¿½ï¿½m Gone (with Katy ,Katy Perry_ Alesso,2,2021,12,29,3270,0,226897599,125,,69,70,89,4,0,49,3
Esqueï¿½ï¿½a-Me Se For C,Marï¿½ï¿½lia Mendonï¿½ï¿½a_ Maiara &,2,2021,10,14,580,0,258316038,122,F#,80,62,69,28,0,13,7
Miï¿½ï¿½n,Tini_ Maria Becerra,2,2021,4,29,3406,16,596152090,92,D,85,92,54,16,0,29,7
Sï¿½ï¿½,Anuel Aa_ Myke Towers_ Jhay Cortez,3,2021,11,18,903,0,177129919,90,F#,63,75,75,17,0,11,8
MAMIII,Karol G_ Becky G,2,2022,2,10,6809,28,716591492,94,E,84,90,70,9,0,14,8
Still D.R.E.,Dr. Dre_ Snoop Dogg,2,1999,1,1,33966,0,1210599487,93,B,81,53,78,18,0,6,24
Stay Alive (Prod. SUGA of BTS),Jung Kook,1,2022,2,11,590,5,246376690,130,D,51,50,76,30,0,10,7
Boyfriend,Dove Cameron,1,2022,2,11,3766,0,496311364,180,G,35,23,61,23,0,19,6
The Joker And The Queen (feat. Taylor Swift),Ed Sheeran_ Taylor Swift,2,2022,2,11,1430,0,146789379,134,,53,31,31,92,0,28,3
The Next Episode,Dr. Dre_ Snoop Dogg,2,1999,1,1,31762,0,843309044,95,D#,92,31,89,3,0,8,25
Light Switch,Charlie Puth,1,2022,1,19,4049,0,500340342,184,F#,69,91,63,11,0,9,31
City of Gods,Kanye West_ Alicia Keys_ Fivio Foreign,3,2022,2,11,2096,0,107255472,147,G#,47,50,80,10,0,32,38
Brividi,Mahmood_ Blanco,2,2022,2,2,1175,0,135079152,123,G,52,44,60,40,0,26,3
Lost,Frank Ocean,1,2012,1,1,29499,11,822239726,123,A#,91,49,61,3,0,17,22
In Da Club,50 Cent,1,2002,1,1,30427,7,1202722675,90,F#,90,79,71,26,0,7,37
she's all i wanna be,Tate McRae,1,2022,2,4,2711,0,343197054,160,D,61,65,64,1,0,12,4
Ginseng Strip 2002,Yung Lean,1,2013,8,16,4310,0,240769997,115,C#,60,37,71,8,0,48,4
All For Us - from the HBO Original Series Euphoria,Labrinth_ Zendaya,2,2019,8,4,5342,0,426204830,141,D#,37,17,67,2,0,34,9
Notion,The Rare Occasions,1,2016,8,5,2393,0,421135627,160,A,31,30,88,7,0,8,8
Formula,Labrinth,1,2019,10,4,3444,7,554875730,145,B,57,23,66,4,6,15,4
Mount Everest,Labrinth,1,2019,6,21,5443,0,467727006,89,,46,43,43,23,8,8,22
Excuses,Intense_ AP Dhillon_ Gurinder Gill,3,2020,7,24,272,4,327498031,95,F,84,49,72,8,0,15,8
Cigarettes,Juice WRLD,1,2021,12,10,975,0,185408548,160,D,60,47,62,3,0,38,4
Cayï¿½ï¿½ La Noche (feat. Cruz Cafunï¿½ï¿½_ Abhir Hathi_ Bejo_ EL IMA),Quevedo_ La Pantera_ Juseph_ Cruz Cafunï¿½ï¿½_ Bï¿½ï¿½jo_ Abhir Hathi,7,2022,1,14,1034,1,245400167,174,F,67,74,75,44,0,7,30
California Love - Original Version (Explicit),Dr. Dre_ 2Pac_ Roger,3,1995,12,28,18773,0,579395142,92,G,77,76,84,3,0,38,4
Forgot About Dre,Eminem_ Dr. Dre,2,1999,1,1,19067,0,675039469,134,G#,93,61,74,9,0,17,8
Down Under (feat. Colin Hay),Luude_ Colin Hay,2,2021,11,19,3541,2,252871192,172,B,31,4,86,1,0,28,17
Mujeriego,Ryan Castro,1,2021,12,17,1492,0,231996128,80,A,76,92,62,6,0,8,13
HUMBLE.,Kendrick Lamar,1,2017,3,30,33206,1,1929770265,150,C#,91,42,60,0,0,9,12
Stan,Eminem_ Dido,2,1999,11,21,17115,0,918915401,80,F#,78,53,74,4,0,45,21
Contection,GODZZ__-_ Zakaria,2,2020,1,16,6955,0,1180896317,166,A#,81,83,75,14,0,29,34
Swim,Chase Atlantic,1,2017,10,4,2742,0,498960285,120,G#,67,8,54,27,0,8,4
A Tu Merced,Bad Bunny,1,2020,2,29,4214,11,685071800,92,,86,89,79,17,0,11,6
Numb Little Bug,Em Beihold,1,2022,1,28,2026,0,258714692,85,G#,74,61,52,30,0,26,9
212,Mainstreet_ Chefin,2,2022,1,15,352,0,143139338,154,D,79,86,52,66,0,9,7
Problemï¿½,Alvaro Diaz_ Rauw Alejandro,2,2021,10,22,1517,0,209768491,92,D,73,37,74,28,0,14,6
Bussin,Nicki Minaj_ Lil Baby,2,2022,2,11,847,0,64714573,140,B,89,75,70,6,0,13,5
Worst Day,Future,1,2022,2,11,910,0,50746620,89,C#,65,60,60,11,0,10,40
Malvada,Zï¿½ï¿½ Fe,1,2022,1,28,601,0,154119539,135,F,89,89,86,16,0,8,5
Hrs and Hrs,Muni Long,1,2021,11,19,1800,0,181328253,140,G#,51,66,53,60,0,11,18
Alien Blues,Vundabar,1,2015,7,24,1930,0,370068639,82,D#,47,44,76,8,91,9,3
Thinking Out Loud,Ed Sheeran,1,2014,1,1,33032,0,2280566092,79,D,78,58,45,47,0,18,3
Still Don't Know My Name,Labrinth,1,2019,10,4,6332,0,563902868,88,F,31,31,63,47,27,21,12
Christmas Tree,V,1,2021,12,24,509,9,317622165,139,F,44,18,38,70,0,12,4
Mal Feito - Ao Vivo,Marï¿½ï¿½lia Mendonï¿½ï¿½a_ Hugo & G,2,2022,1,14,971,2,291709698,124,,73,68,83,55,0,90,7
When I R.I.P.,Labrinth,1,2019,10,4,2578,0,203680270,80,G#,39,45,55,73,0,9,21
Do We Have A Problem?,Nicki Minaj_ Lil Baby,2,2022,2,4,1064,0,81350745,120,C#,84,54,51,47,0,12,40
Forever,Labrinth,1,2019,10,4,3618,0,282883169,80,E,56,19,46,92,72,11,3
Gospel (with Eminem),Eminem_ Dr. Dre,2,2022,2,4,1040,0,64787943,117,C#,92,62,86,11,0,24,24
Seï¿½ï¿½o,Shawn Mendes_ Camila Cabello,2,2019,6,19,15010,2,2484812918,117,A,76,77,52,4,0,8,3
NEW MAGIC WAND,Tyler_ The Creator,2,2019,5,16,4708,0,461437791,140,F,62,46,73,10,0,67,11
Adore You,Harry Styles,1,2019,12,6,13454,1,1439191367,99,G#,68,57,77,2,0,10,5
La Santa,Daddy Yankee_ Bad Bunny,2,2020,2,29,4890,20,759208783,93,C#,74,59,87,3,0,8,5
Something In The Way - Remastered 2021,Nirvana,1,1991,9,24,9514,0,368646862,106,G#,44,8,20,74,42,11,3
Sweetest Pie,Dua Lipa_ Megan Thee Stallion,2,2022,3,11,3501,0,299634472,124,G,81,68,63,17,0,10,22
Bam Bam (feat. Ed Sheeran),Camila Cabello_ Ed Sheeran,2,2022,3,4,6111,4,756907987,95,G#,76,96,70,18,0,33,4
Una Noche en Medellï¿½,Cris Mj,1,2022,1,21,5415,32,682475162,96,A#,87,82,53,10,0,5,8
Envolver,Anitta,1,2021,11,11,4673,2,546191065,92,E,81,40,73,15,0,9,8
Starlight,Dave,1,2022,3,3,1856,3,229473310,124,G,95,36,37,35,0,10,28
Hati-Hati di Jalan,Tulus,1,2022,3,3,200,2,202677468,72,F#,64,76,44,70,9,12,4
"I'm Tired - From ""Euphoria"" An Original HBO Series",Labrinth,1,2022,2,4,1888,0,121913181,71,,28,26,20,19,0,30,3
DANï¿½ï¿½A,Mc Pedrinho_ Pedro Sampaio,2,2022,2,1,911,2,208166039,135,A,78,55,57,4,0,10,8
Yo Voy (feat. Daddy Yankee),Zion & Lennox,1,2004,5,4,2954,2,527033089,95,A#,81,56,70,4,0,5,24
Residente: Bzrp Music Sessions_ Vol. 49,Residente_ Bizarrap,2,2022,3,3,461,0,94616487,71,C#,59,70,74,56,0,11,40
Jordan,Ryan Castro,1,2021,4,30,2844,2,394030335,180,A#,80,71,68,6,0,10,37
Nail Tech,Jack Harlow,1,2022,2,18,2939,0,193443895,150,E,65,11,58,0,0,12,9
Chale,Eden Muï¿½ï,1,2022,2,18,695,11,299648208,189,G#,55,86,44,40,0,7,4
DARARI,Treasure,1,2022,2,15,328,0,182978249,85,,72,55,64,49,0,7,4
Ya No Somos Ni Seremos,Christian Nodal,1,2022,2,18,866,16,319757142,140,G,59,73,45,44,0,34,3
Thinking with My Dick,Kevin Gates_ Juicy J,2,2013,7,16,1550,0,109091573,81,,77,68,70,6,0,17,20
Freaky Deaky,Tyga_ Doja Cat,2,2022,2,25,1729,0,153240879,104,D,80,24,65,2,0,9,4
this is what falling in love feels like,JVKE,1,2021,9,3,2005,0,346127840,129,B,42,33,44,62,0,8,6
La Zona,Bad Bunny,1,2020,2,29,1188,0,312622938,94,C#,76,81,80,20,0,25,4
Bohemian Rhapsody - Remastered 2011,Queen,1,1975,10,31,40112,3,2197010679,71,,41,23,40,27,0,30,5
Hope,XXXTENTACION,1,2018,3,16,3659,0,1200808494,146,A,59,23,46,66,0,15,6
Levitating,Dua Lipa,1,2020,3,27,9833,0,797196073,103,F#,69,90,88,5,0,29,8
Wake Me Up - Radio Edit,Avicii,1,2013,1,1,50887,34,1970673297,124,D,53,66,78,0,0,16,5
jealousy_ jealousy,Olivia Rodrigo,1,2021,5,21,3257,0,665765558,164,A#,70,71,58,24,0,7,13
Monï¿½ï¿½y so,YEAT,1,2021,9,10,1473,0,263779030,138,D,69,35,57,12,0,10,9
Demasiadas Mujeres,C. Tangana,1,2020,10,8,2226,0,339473453,126,A,67,37,46,13,0,10,39
Something Just Like This,The Chainsmokers_ Coldplay,2,2017,2,22,23375,21,2204080728,103,B,61,47,65,3,0,17,4
Closer,The Chainsmokers_ Halsey,2,2016,5,31,28032,0,2591224264,95,G#,75,64,52,41,0,11,3
O.O,NMIXX,1,2022,2,22,290,0,135444283,200,B,39,28,77,4,0,6,29
Somebody That I Used To Know,Gotye_ Kimbra,2,2011,1,1,42798,0,1457139296,129,,86,75,52,54,0,10,4
Tom's Diner,AnnenMayKantereit_ Giant Rooks,2,2019,6,28,2605,0,236872197,98,F#,68,33,43,38,0,36,14
First Class,Jack Harlow,1,2022,4,8,8737,0,694525298,107,G#,91,32,56,3,0,11,10
Plan A,Paulo Londra,1,2022,3,23,1105,0,240661097,174,,58,56,83,5,0,7,4
Fuera del mercado,Danny Ocean,1,2022,2,17,2499,21,421365166,92,G#,45,27,67,32,0,13,14
X ï¿½ï¿½LTIMA,Daddy Yankee_ Bad Bunny,2,2022,3,25,2697,1,349746291,90,G,81,59,83,9,0,11,5
When You're Gone,Shawn Mendes,1,2022,3,31,2092,0,255120451,147,F,60,58,69,2,0,58,4
In My Head,Lil Tjay,1,2022,4,1,1185,0,190981339,143,C#,68,41,55,16,0,10,12
Wait a Minute!,Willow,1,2015,1,11,11985,0,924193303,101,D#,76,63,71,3,0,10,3
LOVE DIVE,IVE,1,2022,4,5,753,8,305771063,118,C#,70,54,71,0,0,33,4
Pantysito,Feid_ Alejo_ Robi,3,2022,3,18,2995,0,273005485,98,G,83,63,74,14,0,16,6
Chance,Paulo Londra,1,2022,4,6,225,0,89566512,138,C#,72,22,46,24,0,9,6
Cool for the Summer,Demi Lovato,1,2015,1,1,9243,0,677389855,114,F,59,30,62,1,0,8,4
psychofreak (feat. WILLOW),Camila Cabello_ Willow,2,2022,4,7,918,0,75476209,180,G,63,45,64,34,0,9,8
Angel Baby,Troye Sivan,1,2021,9,9,1959,9,408843328,145,B,56,41,57,1,0,13,3
Vampiro,Matuï¿½ï¿½_ Wiu_ ,3,2022,1,30,540,4,187772591,115,G#,78,63,64,1,0,7,4
Si Quieren Frontear,De La Ghetto_ Duki_ Quevedo,3,2022,3,31,859,0,178512385,82,A#,79,48,84,13,0,21,23
Right On,Lil Baby,1,2022,4,8,1116,0,101780047,166,D,70,22,61,2,0,10,34
Me Arrepentï¿,Ak4:20_ Cris Mj_ Pailita,3,2022,3,30,273,2,118381354,92,,86,91,79,29,0,60,16
That's Hilarious,Charlie Puth,1,2022,4,8,686,2,146363130,108,F#,71,55,44,74,0,11,6
Soy El Unico,Yahritza Y Su Esencia,1,2022,3,25,226,0,126443991,84,E,71,63,45,45,0,11,3
RUMBATï¿½,Daddy Yankee,1,2022,3,25,1264,0,157990698,95,D#,69,90,91,6,0,35,4
sentaDONA (Remix) s2,Luï¿½ï¿½sa Sonza_ MC Frog_ Dj Gabriel do Borel_ Davi K,4,2022,3,17,870,0,176290831,135,D#,93,77,45,25,0,13,27
Falling,Harry Styles,1,2019,12,13,7556,0,1023187129,110,E,57,6,27,84,0,9,3
Sigue,Ed Sheeran_ J Balvin,2,1996,11,24,1370,0,106933107,88,G,89,59,64,5,0,19,7
Fim de Semana no Rio,teto,1,2022,3,30,315,2,139193812,119,C#,87,28,50,12,0,10,10
MANIAC,Stray Kids,1,2022,3,18,651,0,212234990,120,C#,58,71,80,15,0,7,41
There's Nothing Holdin' Me Back,Shawn Mendes,1,2016,9,23,12382,0,1714490998,122,D,86,97,80,36,0,9,6
IDGAF (with blackbear),Blackbear_ BoyWithUke,2,2022,3,18,625,0,197643795,98,F,78,83,75,41,0,27,8
Golden,Harry Styles,1,2019,12,13,8429,1,807015863,140,E,45,25,84,21,0,13,6
Get Lucky - Radio Edit,Pharrell Williams_ Nile Rodgers_ Daft Punk,3,2013,1,1,52898,0,933815613,116,F#,79,87,81,4,0,10,4
Ain't Shit,Doja Cat,1,2021,6,25,3436,0,499710590,124,D#,86,62,49,51,0,35,21
"Nobody Like U - From ""Turning Red""",Jordan Fisher_ Josh Levi_ Finneas O'Connell_ 4*TOWN (From Disney and Pixarï¿½ï¿½ï¿½s Turning Red)_ Topher Ngo_ Grayson Vill,6,2022,2,25,918,0,120847157,105,A,91,73,72,13,0,9,15
Still Life,BIGBANG,1,2022,4,5,181,0,53909146,118,G#,68,24,58,44,0,6,3
Photograph,Ed Sheeran,1,2014,6,20,18778,3,2236667932,108,E,61,20,38,61,0,10,5
Love Yourself,Justin Bieber,1,2015,11,9,22730,5,2123309722,100,E,61,53,38,84,0,28,44
N95,Kendrick Lamar,1,2022,5,13,5542,0,301242089,140,D#,81,39,66,38,0,12,14
About Damn Time,Lizzo,1,2022,4,14,9021,0,723894473,109,A#,84,72,74,10,0,34,7
Die Hard,Kendrick Lamar_ Blxst_ Amanda Reifer,3,2022,5,13,4627,0,237351106,101,C#,78,40,74,36,0,17,27
Despuï¿½ï¿½s de la P,Bad Bunny,1,2022,5,6,2229,0,461558540,78,F,56,61,90,36,0,18,31
Un Ratito,Bad Bunny,1,2022,5,6,1112,6,417230415,93,,79,22,55,31,0,12,5
United In Grief,Kendrick Lamar,1,2022,5,13,2575,0,156898322,87,G#,52,32,83,24,0,17,43
Father Time (feat. Sampha),Kendrick Lamar_ Sampha,2,2022,5,13,3107,0,127309180,153,A#,55,50,78,19,0,11,35
Yo No Soy Celoso,Bad Bunny,1,2022,5,6,1179,0,313113297,142,,87,93,59,28,0,17,5
Rich Spirit,Kendrick Lamar,1,2022,5,13,3486,0,173702135,96,A#,85,41,43,39,0,12,21
Cooped Up (with Roddy Ricch),Post Malone_ Roddy Ricch,2,2022,5,12,2942,0,271666301,125,,50,39,78,4,0,11,33
Me Fui de Vacaciones,Bad Bunny,1,2022,5,6,1443,0,305650299,85,A#,71,43,65,23,0,9,5
Silent Hill,Kendrick Lamar_ Kodak Black,2,2022,5,13,3028,0,123216717,140,C#,92,78,57,46,0,14,9
La Corriente,Tony Dize_ Bad Bunny,2,2022,5,6,1796,8,479655659,196,B,66,58,79,23,0,22,20
Count Me Out,Kendrick Lamar,1,2022,5,13,2729,0,126191104,134,G,78,51,43,69,0,14,9
Andrea,Buscabulla_ Bad Bunny,2,2022,5,6,1195,0,344055883,103,C#,80,45,62,76,0,10,38
Dos Mil 16,Bad Bunny,1,2022,5,6,892,3,338422004,130,C#,82,50,67,12,0,13,5
We Cry Together,Kendrick Lamar_ Taylour Paige,2,2022,5,13,1635,0,68895644,108,B,65,52,69,31,0,8,36
Savior,Kendrick Lamar_ Sam Dew_ Baby Keem,3,2022,5,13,2291,0,86176890,123,G#,61,66,71,53,0,32,46
Un Coco,Bad Bunny,1,2022,5,6,1029,28,403231558,152,B,84,74,69,21,0,18,6
Otro Atardecer,Bad Bunny_ The Marï¿½ï,2,2022,5,6,1681,7,319546754,108,D,78,55,60,59,0,7,4
Worldwide Steppers,Kendrick Lamar,1,2022,5,13,1480,0,61739839,72,A#,56,56,47,76,0,8,36
Aguacero,Bad Bunny,1,2022,5,6,829,0,283359161,121,F#,86,67,65,42,0,35,7
Purple Hearts,Kendrick Lamar_ Ghostface Killah_ Summer Walker,3,2022,5,13,2308,0,76831876,138,D#,57,71,82,19,0,15,29
Un Verano Sin Ti,Bad Bunny,1,2022,5,6,1004,1,283332261,188,F,50,41,50,69,0,12,6
ULTRA SOLO,Polima WestCoast_ Pailita,2,2022,2,14,1367,0,307752576,110,C#,80,26,85,23,0,11,21
Ensï¿½ï¿½ï¿½ï¿½ame ,Bad Bunny,1,2022,5,6,1112,3,279737940,105,G#,81,77,79,19,0,47,8
El Apagï¿½,Bad Bunny,1,2022,5,6,1209,0,212351890,118,G#,63,60,70,5,0,9,31
Callaita,Bad Bunny_ Tainy,2,2019,5,31,9539,15,1304313953,176,D,61,24,62,60,0,24,31
Dua Lipa,Jack Harlow,1,2022,5,6,1992,0,150500965,158,B,83,41,65,0,10,11,8
Agosto,Bad Bunny,1,2022,5,6,897,0,246127838,115,C#,85,72,58,9,0,49,12
House Of Memories,Panic! At The Disco,1,2016,1,15,2948,0,582863434,110,B,51,48,82,0,0,5,3
Mr. Morale,Kendrick Lamar_ Tanna Leone,2,2022,5,13,1860,0,58687425,174,A,73,26,54,30,0,34,32
That That (prod. & feat. SUGA of BTS),PSY_ Suga,2,2022,4,29,802,0,212109195,130,E,91,91,96,3,0,3,9
In The Stars,Benson Boone,1,2022,4,29,2224,8,382199619,78,A#,36,30,54,34,0,14,5
Rich - Interlude,Kendrick Lamar,1,2022,5,13,1103,0,41210087,104,G,44,74,42,88,0,9,9
SUPERMODEL,Mï¿½ï¿½ne,1,2022,5,13,2265,0,231657891,121,G,64,80,88,0,0,12,6
Stefania (Kalush Orchestra),KALUSH,1,2022,3,10,555,0,53729194,105,D,83,32,82,14,0,12,4
Thousand Miles,The Kid Laroi,1,2022,4,22,2050,0,244741137,81,G,38,20,66,9,0,9,8
Crown,Kendrick Lamar,1,2022,5,13,1493,0,42485571,170,C#,37,14,24,80,0,11,4
Auntie Diaries,Kendrick Lamar,1,2022,5,13,1545,0,37778188,78,G,43,60,38,76,1,48,38
PUFFIN ON ZOOTIEZ,Future,1,2022,4,29,2350,0,254218729,125,G#,88,28,66,6,0,13,31
Mirror,Kendrick Lamar,1,2022,5,13,1929,0,53603447,92,E,66,29,65,23,0,8,7
Beautiful Girl,Luciano,1,2022,4,22,710,4,160035717,140,B,84,61,42,31,0,9,9
Paulo Londra: Bzrp Music Sessions_ Vol. 23,Bizarrap_ Paulo Londra,2,2022,4,25,928,0,164163229,96,,61,32,90,25,0,10,9
Savior - Interlude,Kendrick Lamar,1,2022,5,13,1194,0,37091576,118,F,66,83,43,84,0,19,19
Pasoori,Shae Gill_ Ali Sethi,2,2022,2,6,349,6,284249832,92,B,71,67,60,7,0,6,4
Mother I Sober (feat. Beth Gibbons of Portishead),Kendrick Lamar_ Beth Gibbons,2,2022,5,13,1890,0,33381454,140,G#,49,50,37,87,0,11,35
TUS Lï¿½ï¿½GR,Sech_ Mora,2,2022,4,1,1308,2,184622518,174,C#,68,45,71,18,0,11,25
Where Did You Go?,MNEK_ Jax Jones,2,2022,1,26,4531,0,300983101,127,A#,77,53,78,19,0,29,4
I Tried to Tell Y'all,Ugly Dray_ Tesla Jnr,2,2022,5,6,1657,0,121077868,96,B,71,37,52,62,0,11,36
Honest (feat. Don Toliver),Justin Bieber_ Don Toliver,2,2022,4,29,1351,0,106919680,150,G#,82,82,66,13,0,11,6
ZOOM,Jessi,1,2022,4,13,608,0,136996305,100,F#,87,46,60,1,0,13,16
SloMo,Chanel,1,2021,12,24,1211,0,65719930,105,C#,73,59,81,13,0,9,6
FEARLESS,LE SSERAFIM,1,2022,5,2,629,0,229497852,104,G,86,43,62,5,0,13,14
10 Things I Hate About You,Leah Kate,1,2022,3,23,1301,0,185550869,154,G#,54,45,79,1,0,17,5
SPACE MAN,Sam Ryder,1,2022,2,22,1329,0,54682594,80,B,47,33,83,18,0,10,5
With you,HA SUNG WOON_ Jimin,2,2022,4,24,343,2,240580042,150,D#,53,14,43,64,0,13,3
Iris,The Goo Goo Dolls,1,1998,3,31,13101,9,1284942608,156,B,32,49,72,0,0,9,4
The Heart Part 5,Kendrick Lamar,1,2022,5,8,2939,0,71423324,98,G#,76,79,81,18,0,6,34
San Lucas,Kevin Kaarl,1,2019,11,7,407,1,244891912,92,G,58,27,36,86,0,9,3
This Love (Taylorï¿½ï¿½ï¿½s Ve,Taylor Swift,1,2022,5,6,1492,0,132171975,144,E,47,7,50,32,0,7,4
Good Looking,Suki Waterhouse,1,2017,10,20,2264,0,184706613,150,E,37,27,56,8,0,13,3
Flowers,Lauren Spencer Smith,1,2021,8,9,801,0,184826429,138,D#,70,31,44,84,0,9,39
Yet To Come,BTS,1,2022,6,10,829,0,302006641,172,C#,56,68,89,4,0,33,19
Run BTS,BTS,1,2022,6,10,736,0,330881149,77,G#,72,70,82,2,0,4,17
Music For a Sushi Restaurant,Harry Styles,1,2022,5,20,4449,1,334733572,107,B,72,36,72,26,6,11,4
Matilda,Harry Styles,1,2022,5,20,3218,3,366214458,114,D,51,39,29,90,0,10,4
For Youth,BTS,1,2022,6,10,327,0,114546317,117,D,63,29,51,43,0,25,4
Daylight,Harry Styles,1,2022,5,20,2775,0,290833204,146,,69,63,45,48,0,18,4
Vegas (From the Original Motion Picture Soundtrack ELVIS),Doja Cat,1,2022,5,6,4576,0,448500832,160,G#,80,74,60,8,0,14,26
Cash In Cash Out,Pharrell Williams_ Tyler_ The Creator_ 21 Savage,4,2022,6,10,2313,0,136676504,120,G,88,15,56,1,0,8,6
Potion (with Dua Lipa & Young Thug),Calvin Harris_ Dua Lipa_ Young Thug,3,2022,5,27,3983,0,190625045,100,B,82,76,70,16,0,8,5
Born Singer,BTS,1,2022,6,10,279,0,79095270,158,G#,60,68,84,4,0,24,11
Little Freak,Harry Styles,1,2022,5,20,2302,0,273194684,142,D#,56,40,54,72,0,10,4
La Llevo Al Cielo (Ft. ï¿½ï¿½engo F,Nengo Flow_ Anuel Aa_ Chris Jedi_ Chencho Corleone,4,2022,5,20,3559,3,333146475,170,A,80,77,85,11,0,17,14
True Love,Kanye West_ XXXTENTACION,2,2022,5,27,2129,0,194902696,84,F,71,39,86,2,0,51,25
Satellite,Harry Styles,1,2022,5,20,3291,5,311482393,139,,58,30,46,14,0,9,3
Pass The Dutchie,Musical Youth,1,1982,1,1,5328,0,195918494,151,G,73,88,67,20,0,32,5
Villano Antillano: Bzrp Music Sessions_ Vol. 51,Bizarrap_ Villano Antillano,2,2022,6,8,1401,0,248511839,128,C#,82,42,75,6,0,63,6
Love Of My Life,Harry Styles,1,2022,5,20,1933,0,233671263,118,G,56,20,54,67,0,6,5
Grapejuice,Harry Styles,1,2022,5,20,1986,0,199587884,183,F,65,88,72,36,14,20,3
So Good,Halsey,1,2022,6,9,1057,0,91781263,83,D#,63,29,62,4,0,18,4
Belly Dancer,BYOR_ Imanbek,2,2022,2,18,5115,13,383835984,122,C#,85,42,80,6,0,17,14
Keep Driving,Harry Styles,1,2022,5,20,2094,1,236060709,165,A,72,90,48,32,0,18,23
Cinema,Harry Styles,1,2022,5,20,2171,0,189236868,106,A,83,90,64,35,5,9,4
Die Young (feat. 347aidan),Sleepy hallow_ 347aidan,2,2022,5,25,896,0,160845341,77,B,81,68,58,83,0,11,34
Only Love Can Hurt Like This,Paloma Faith,1,2014,1,1,5148,0,588955257,91,G#,57,30,89,10,0,33,8
Hold My Hand,Lady Gaga,1,2022,5,3,2528,0,238350348,148,G,51,21,63,5,0,41,3
Daydreaming,Harry Styles,1,2022,5,20,1900,1,187703102,114,E,71,90,81,31,2,13,3
Numb,Marshmello_ Khalid,2,2022,6,10,3879,2,295307001,120,,91,63,77,12,1,10,5
Nos Comemos (feat. Ozuna),Ozuna_ Tiago pzk,2,2022,6,2,896,0,138334433,92,F#,83,56,82,10,0,9,5
Me and Your Mama,Childish Gambino,1,2016,11,10,8775,0,445590495,118,F,56,25,45,1,3,7,3
Crazy What Love Can Do,David Guetta_ Ella Henderson_ Becky Hill,3,2022,3,18,5290,0,286739476,123,E,60,46,71,3,0,16,4
SLOW DANCING IN THE DARK,Joji,1,2018,9,12,10211,0,1122364376,89,D#,52,28,48,54,1,19,3
Antes de Perderte,Duki,1,2022,6,2,584,8,157136970,110,F,81,61,93,49,0,12,11
Boyfriends,Harry Styles,1,2022,5,20,1517,0,137070925,118,,42,32,20,94,0,11,4
295,Sidhu Moose Wala,1,2021,5,15,246,4,183273246,90,B,68,54,76,21,0,11,20
Tak Ingin Usai,Keisya Levronka,1,2022,5,13,220,4,184807630,130,,49,14,40,82,0,11,3
En El Radio Un Cochinero,Victor Cibrian,1,2022,5,13,514,0,164856284,154,F#,70,97,62,47,0,10,4
Master of Puppets (Remastered),Metallica,1,1986,3,3,6080,0,704171068,105,E,54,59,83,0,44,20,4
BREAK MY SOUL,Beyoncï¿,1,2022,6,21,9724,0,354614964,115,C#,70,87,88,4,0,26,8
ULTRA SOLO REMIX,De La Ghetto_ Feid_ Polima WestCoast_ Paloma Mami_ Pailita,5,2022,6,16,2341,0,279717388,110,C#,91,59,82,8,0,6,8
Massive,Drake,1,2022,6,17,5263,0,195628667,125,E,51,5,68,12,2,15,6
Betty (Get Money),Yung Gravy,1,2022,6,10,2402,0,221752937,102,C#,73,62,75,0,0,34,8
Ojos Marrones,Lasso,1,2022,2,6,795,11,263280370,120,G#,81,72,65,4,0,14,4
POP!,Nayeon,1,2022,6,24,571,0,213505179,97,D,80,36,86,4,0,3,5
Layla,Schï¿½ï¿½rze_ DJ R,2,2022,3,24,832,3,130419412,140,F,44,41,92,0,0,44,7
MORE,j-hope,1,2022,7,1,565,0,155795783,97,D,78,31,72,1,0,11,4
Sweet Child O' Mine,Guns N' Roses,1,1987,1,1,41231,1,1553497987,125,F#,45,67,90,9,11,10,5
Last Last,Burna Boy,1,2022,5,12,4526,12,293466523,88,D#,80,55,56,13,0,8,9
SNAP,Rosa Linn,1,2022,3,19,1818,0,711366595,170,,56,52,64,11,0,45,7
Sticky,Drake,1,2022,6,17,2814,0,191448892,137,A#,88,8,49,9,0,9,14
Hot Shit (feat. Ye & Lil Durk),Kanye West_ Lil Durk_ Cardi B,3,2022,7,1,1601,0,85924992,157,A,88,52,69,0,0,8,23
Ai Preto,L7nnon_ DJ Biel do Furduncinho_ Bianca,3,2022,6,3,894,4,176103902,130,F#,95,83,57,54,0,10,25
La Loto,Anitta_ Tini_ Becky G,3,2022,7,6,945,0,121189256,90,C#,85,80,83,10,0,8,11
die first,Nessa Barrett,1,2022,6,24,767,0,131746175,183,G#,44,44,67,7,0,12,13
Afraid To Feel,LF System,1,2022,5,2,5898,5,244790012,128,C#,58,68,91,2,0,27,11
Baile no Morro,Mc Vitin Da Igrejinha_ MC Tairon_ DJ Win,3,2022,6,10,685,2,129314708,130,D#,71,78,40,46,0,7,45
cï¿½ï¿½mo dormi,Rels B,1,2022,8,4,1452,35,331511413,126,C#,63,56,43,24,0,12,23
Bad Decisions (with BTS & Snoop Dogg),Snoop Dogg_ BTS_ Benny Blanco,3,2022,8,5,1456,0,219196651,120,,77,94,87,2,0,23,12
STAYING ALIVE (feat. Drake & Lil Baby),Drake_ DJ Khaled_ Lil Baby,3,2022,8,5,2107,0,170732845,130,E,72,18,46,7,0,28,8
Caile,Luar La L,1,2020,12,18,1494,2,273914335,122,,70,46,76,30,0,9,45
Si Te La Encuentras Por Ahï¿,Feid,1,2022,8,5,1379,4,179061440,172,G#,74,46,58,15,0,13,8
GIVENCHY,Duki,1,2022,7,20,625,4,185236961,103,G#,61,38,62,14,0,23,40
ALIEN SUPERSTAR,Beyoncï¿,1,2022,7,29,2688,0,171788484,122,A#,55,46,64,0,0,17,10
Mary On A Cross,Ghost,1,2019,9,13,2668,2,387080183,130,B,47,56,90,0,0,10,4
Attention,NewJeans,1,2022,8,1,799,12,264717480,105,A#,81,70,65,24,0,8,4
THE SHADE,Rex Orange County,1,2022,3,11,1189,6,244928911,120,F,90,73,51,39,0,9,6
"Come Back Home - From ""Purple Hearts""",Sofia Carson,1,2022,7,12,367,0,97610446,145,G,56,43,53,24,0,12,4
El Rescate,Grupo Marca Registrada_ Junior H,2,2022,7,22,527,4,287278853,99,G,79,64,59,28,0,11,14
Heartless,Kanye West,1,2008,1,1,17504,34,887906111,88,A#,79,66,65,5,0,25,14
Stay With Me (with Justin Timberlake_ Halsey_ & Pharrell),Calvin Harris_ Halsey_ Pharrell Williams_ Justin Timberlake,4,2022,7,15,3113,0,123473120,126,A,81,90,73,28,0,29,4
Siempre Pendientes,Peso Pluma_ Luis R Conriquez,2,2022,8,15,685,5,295152154,136,,77,71,75,33,1,13,4
JGL,Luis R Conriquez_ La Adictiva,2,2022,2,18,782,9,323455692,113,G#,70,97,59,55,0,27,12
Don't You Worry,David Guetta_ Shakira_ Black Eyed Peas,3,2022,6,16,2442,0,240918092,132,B,82,49,88,20,0,21,3
Pipoco,Melody_ Ana Castela_ Dj Chris No Beat,3,2022,5,20,1112,4,191873381,135,G#,77,74,74,47,0,34,8
Hold Me Closer,Elton John_ Britney Spears,2,2017,11,10,4967,0,284216603,126,,67,49,77,11,0,19,11
Forget Me,Lewis Capaldi,1,2022,9,9,2520,4,239411309,102,C#,67,72,74,30,0,36,4
After LIKE,IVE,1,2022,8,22,767,12,265548837,125,,68,80,92,10,0,9,12
Bound 2,Kanye West,1,2013,1,1,19806,7,703301727,149,C#,37,28,66,14,0,9,5
B.O.T.A. (Baddest Of Them All) - Edit,Interplanetary Criminal_ Eliza Rose,2,2022,6,15,5153,6,244585109,137,,74,71,89,24,61,15,5
Talk that Talk,TWICE,1,2022,8,26,615,0,189476119,120,D#,77,78,91,14,0,33,12
BILLIE EILISH.,Armani White,1,2022,1,20,2537,0,277132266,100,C#,90,75,50,11,0,9,26
Ferxxo 100,Feid,1,2022,6,3,1647,30,278920007,164,G#,70,58,57,25,0,15,7
KU LO SA - A COLORS SHOW,Oxlade,1,2022,6,10,2019,8,222410722,93,A#,65,79,66,31,0,22,7
Prohibidox,Feid,1,2022,9,13,1473,12,185392587,180,C#,65,52,80,5,0,6,25
Static,Steve Lacy,1,2022,7,15,1613,0,202452860,79,C#,34,22,31,43,63,10,7
The Scientist,Coldplay,1,2002,8,5,30992,6,1608164312,146,F,56,21,44,73,0,11,2
Sparks,Coldplay,1,2000,7,10,10826,4,624101957,103,C#,37,17,27,75,5,10,3
Talk,YEAT,1,2022,9,2,920,0,148461629,140,E,70,26,76,8,0,54,23
XQ Te Pones Asï¿,Yandel_ Feid,2,2022,9,13,308,0,47093942,92,A#,81,48,70,13,0,15,7
Selfish,PnB Rock,1,2016,6,23,2468,0,380319238,102,C#,64,4,60,11,0,19,4
Sin Seï¿½ï,Ovy On The Drums_ Quevedo,2,2022,7,22,1097,2,209106362,118,B,82,75,85,33,1,11,4
Lady Mi Amor,Feid,1,2022,9,13,330,0,53987404,93,D,78,75,62,6,0,15,6
Poland,Lil Yachty,1,2022,6,23,1584,0,115331792,150,F,70,26,56,14,83,11,5
THE LONELIEST,Mï¿½ï¿½ne,1,2022,10,7,1585,5,225093344,130,D,52,24,60,0,0,8,3
Bye Bye,Marshmello_ Juice WRLD,2,2022,10,14,766,0,84697729,83,D#,65,24,53,6,0,51,4
BABY OTAKU,Fran C_ Polima WestCoast_ Nickoog Clk_ Pablito Pesadilla,4,2022,8,18,836,0,159240673,102,A,84,43,75,5,0,6,8
Nxde,(G)I-DLE,1,2022,10,17,430,6,170709584,136,E,73,65,91,4,0,48,18
Miss You,Southstar,1,1982,5,16,2020,0,154356956,145,A,66,24,58,17,0,19,5
we fell in love in october,girl in red,1,2018,11,21,6858,0,723043854,130,G,57,24,37,11,18,16,3
2 Be Loved (Am I Ready),Lizzo,1,2022,7,14,3682,6,247689123,156,G,72,92,77,9,0,8,11
Celestial,Ed Sheeran,1,2022,9,29,1639,0,176474912,123,D,57,50,85,5,0,16,4
Typa Girl,BLACKPINK,1,2022,9,16,452,10,235549288,132,G,92,53,62,7,0,63,10
I Really Want to Stay at Your House,Rosa Walton_ Hallie Coggins,2,2020,12,18,668,1,140430339,125,D#,49,13,74,0,0,9,4
California Breeze,Lil Baby,1,2022,10,14,991,0,85559365,162,F,74,22,67,0,0,11,46
Bamba (feat. Aitch & BIA),Luciano_ Aitch_ Bï¿½,3,2022,9,22,869,7,146223492,138,A#,80,82,81,14,0,13,36
Casei Com a Putaria,MC Ryan SP_ Love Funk_ Mc Paiva ZS,3,2022,7,1,648,4,187701588,161,A#,59,62,60,12,0,5,44
Major Distribution,Drake_ 21 Savage,2,2022,11,4,1545,0,154863153,131,G#,91,23,55,1,0,7,32
Pussy & Millions (feat. Travis Scott),Drake_ Travis Scott_ 21 Savage,3,2022,11,4,1930,0,191333656,122,E,75,45,63,6,0,35,12
Vigilante Shit,Taylor Swift,1,2022,10,21,1948,0,253650850,80,E,80,16,28,17,0,12,39
Question...?,Taylor Swift,1,2022,10,21,1608,0,223064273,109,G,75,11,50,20,0,30,17
On BS,Drake_ 21 Savage,2,2022,11,4,1338,0,170413877,158,A,84,33,36,2,0,39,59
Mastermind,Taylor Swift,1,2022,10,21,1936,0,218320587,126,E,66,12,35,55,0,9,14
Circo Loco,Drake_ 21 Savage,2,2022,11,4,1794,0,141720999,104,C#,73,25,61,1,0,32,7
Labyrinth,Taylor Swift,1,2022,10,21,1597,0,187339835,110,,48,15,31,80,22,12,4
Spin Bout U,Drake_ 21 Savage,2,2022,11,4,1652,2,198365537,130,G,77,20,70,1,0,16,5
Sweet Nothing,Taylor Swift,1,2022,10,21,1747,0,186104310,177,,34,39,16,97,0,12,5
Would've_ Could've_ Should've,Taylor Swift,1,2022,10,21,1715,0,177503916,158,G,48,55,84,43,0,15,12
Con La Brisa,Ludwig Goransson_ Foudeqush,2,2022,11,4,486,0,71095708,114,D,62,25,44,51,33,14,3
Privileged Rappers,Drake_ 21 Savage,2,2022,11,4,1007,0,112436403,144,F,93,62,61,0,0,12,20
The Astronaut,Jin,1,2022,10,28,481,9,203436468,125,F,54,22,76,0,0,14,3
BackOutsideBoyz,Drake,1,2022,11,4,1045,0,93367537,142,F,85,40,43,4,0,39,32
Broke Boys,Drake_ 21 Savage,2,2022,11,4,1060,0,106249219,120,D,64,11,53,1,0,25,27
The Great War,Taylor Swift,1,2022,10,21,1274,0,181382590,96,F,57,55,74,22,0,8,4
My Mind & Me,Selena Gomez,1,2022,11,3,953,0,91473363,144,A,60,24,39,57,0,8,3
Bigger Than The Whole Sky,Taylor Swift,1,2022,10,21,1180,0,121871870,166,F#,42,7,24,83,1,12,6
A Veces (feat. Feid),Feid_ Paulo Londra,2,2022,11,3,573,0,73513683,92,C#,80,81,67,4,0,8,6
En La De Ella,Feid_ Sech_ Jhayco,3,2022,10,20,1320,0,133895612,97,C#,82,67,77,8,0,12,5
Alone,Burna Boy,1,2022,11,4,782,2,96007391,90,E,61,32,67,15,0,11,5
